PosId,Name,SeedTime,StartTime,Sort,Lat,Lon,Geometry,UniqueId
0,Spike,2014-02-14T10:00:01,2014-02-14T10:00:01,1,38.346674,-81.638338,"-81.638338,38.346674",Spike0
1,Spike,2014-02-14T10:00:01,2014-02-14T10:00:02,2,38.341187,-81.632709,"-81.632709,38.341187",Spike1
2,Spike,2014-02-14T10:00:01,2014-02-14T10:00:03,3,38.335799,-81.625854,"-81.625854,38.335799",Spike2
3,Spike,2014-02-14T10:00:01,2014-02-14T10:00:04,4,38.332262,-81.618196,"-81.618196,38.332262",Spike3
4,Spike,2014-02-14T10:00:01,2014-02-14T10:00:05,5,38.329807,-81.610004,"-81.610004,38.329807",Spike4
5,Spike,2014-02-14T10:00:01,2014-02-14T10:00:06,6,38.328153,-81.596947,"-81.596947,38.328153",Spike5
6,Spike,2014-02-14T10:00:01,2014-02-14T10:00:07,7,38.326385,-81.590343,"-81.590343,38.326385",Spike6
0,Buffy,2014-02-14T10:00:07,2014-02-14T10:00:07,8,38.19067757,-81.62657868,"-81.62657868,38.19067757",Buffy0
7,Spike,2014-02-14T10:00:01,2014-02-14T10:00:08,9,38.322683,-81.583914,"-81.583914,38.322683",Spike7
1,Buffy,2014-02-14T10:00:07,2014-02-14T10:00:08,10,38.20773788,-81.6058136,"-81.6058136,38.20773788",Buffy1
0,Xander,2014-02-14T10:00:08,2014-02-14T10:00:08,11,37.6955891,-81.08079779,"-81.08079779,37.6955891",Xander0
8,Spike,2014-02-14T10:00:01,2014-02-14T10:00:09,12,38.31919,-81.577894,"-81.577894,38.31919",Spike8
2,Buffy,2014-02-14T10:00:07,2014-02-14T10:00:09,13,38.22998445,-81.602982,"-81.602982,38.22998445",Buffy2
1,Xander,2014-02-14T10:00:08,2014-02-14T10:00:09,14,37.6909329,-81.06549868,"-81.06549868,37.6909329",Xander1
0,Willow,2014-02-14T10:00:09,2014-02-14T10:00:09,15,37.7786037,-80.00744851,"-80.00744851,37.7786037",Willow0
9,Spike,2014-02-14T10:00:01,2014-02-14T10:00:10,16,38.315575,-81.571562,"-81.571562,38.315575",Spike9
3,Buffy,2014-02-14T10:00:07,2014-02-14T10:00:10,17,38.22998445,-81.56994665,"-81.56994665,38.22998445",Buffy3
2,Xander,2014-02-14T10:00:08,2014-02-14T10:00:10,18,37.68487941,-81.04431529,"-81.04431529,37.68487941",Xander2
1,Willow,2014-02-14T10:00:09,2014-02-14T10:00:10,19,37.79128304,-80.03418748,"-80.03418748,37.79128304",Willow1
0,Giles,2014-02-14T10:00:10,2014-02-14T10:00:10,20,37.77433669,-81.17999194,"-81.17999194,37.77433669",Giles0
10,Spike,2014-02-14T10:00:01,2014-02-14T10:00:11,21,38.311871,-81.565153,"-81.565153,38.311871",Spike10
4,Buffy,2014-02-14T10:00:07,2014-02-14T10:00:11,22,38.250621,-81.570993,"-81.570993,38.250621",Buffy4
3,Xander,2014-02-14T10:00:08,2014-02-14T10:00:11,23,37.68068823,-81.02195505,"-81.02195505,37.68068823",Xander3
2,Willow,2014-02-14T10:00:09,2014-02-14T10:00:11,24,37.80818544,-80.05736125,"-80.05736125,37.80818544",Willow2
1,Giles,2014-02-14T10:00:10,2014-02-14T10:00:11,25,37.77797974,-81.17430743,"-81.17430743,37.77797974",Giles1
11,Spike,2014-02-14T10:00:01,2014-02-14T10:00:12,26,38.306447,-81.563422,"-81.563422,38.306447",Spike11
5,Buffy,2014-02-14T10:00:07,2014-02-14T10:00:12,27,38.26985174,-81.57423111,"-81.57423111,38.26985174",Buffy5
4,Xander,2014-02-14T10:00:08,2014-02-14T10:00:12,28,37.67556537,-81.00077166,"-81.00077166,37.67556537",Xander4
3,Willow,2014-02-14T10:00:09,2014-02-14T10:00:12,29,37.81522697,-80.07875243,"-80.07875243,37.81522697",Willow3
2,Giles,2014-02-14T10:00:10,2014-02-14T10:00:12,30,37.78198688,-81.16831565,"-81.16831565,37.78198688",Giles2
12,Spike,2014-02-14T10:00:01,2014-02-14T10:00:13,31,38.300623,-81.564573,"-81.564573,38.300623",Spike12
6,Buffy,2014-02-14T10:00:07,2014-02-14T10:00:13,32,38.28240593,-81.57103274,"-81.57103274,38.28240593",Buffy6
5,Xander,2014-02-14T10:00:08,2014-02-14T10:00:13,33,37.65972882,-80.98311883,"-80.98311883,37.65972882",Xander5
4,Willow,2014-02-14T10:00:09,2014-02-14T10:00:13,34,37.81663519,-80.12866517,"-80.12866517,37.81663519",Willow4
3,Giles,2014-02-14T10:00:10,2014-02-14T10:00:13,35,37.789978,-81.17259,"-81.17259,37.789978",Giles3
13,Spike,2014-02-14T10:00:01,2014-02-14T10:00:14,36,38.294955,-81.566868,"-81.566868,38.294955",Spike13
7,Buffy,2014-02-14T10:00:07,2014-02-14T10:00:14,37,38.306447,-81.563422,"-81.563422,38.306447",Buffy7
6,Xander,2014-02-14T10:00:08,2014-02-14T10:00:14,38,37.64901395,-80.95310903,"-80.95310903,37.64901395",Xander6
5,Willow,2014-02-14T10:00:09,2014-02-14T10:00:14,39,37.82367592,-80.16431713,"-80.16431713,37.82367592",Willow5
4,Giles,2014-02-14T10:00:10,2014-02-14T10:00:14,40,37.794972,-81.174246,"-81.174246,37.794972",Giles4
14,Spike,2014-02-14T10:00:01,2014-02-14T10:00:15,41,38.28240593,-81.57103274,"-81.57103274,38.28240593",Spike14
8,Buffy,2014-02-14T10:00:07,2014-02-14T10:00:15,42,38.31919,-81.577894,"-81.577894,38.31919",Buffy8
7,Xander,2014-02-14T10:00:08,2014-02-14T10:00:15,43,37.65693379,-80.90780012,"-80.90780012,37.65693379",Xander7
6,Willow,2014-02-14T10:00:09,2014-02-14T10:00:15,44,37.79832618,-80.20531688,"-80.20531688,37.79832618",Willow6
5,Giles,2014-02-14T10:00:10,2014-02-14T10:00:15,45,37.802752,-81.181797,"-81.181797,37.802752",Giles5
15,Spike,2014-02-14T10:00:01,2014-02-14T10:00:16,46,38.26985174,-81.57423111,"-81.57423111,38.26985174",Spike15
9,Buffy,2014-02-14T10:00:07,2014-02-14T10:00:16,47,38.329807,-81.610004,"-81.610004,38.329807",Buffy9
8,Xander,2014-02-14T10:00:08,2014-02-14T10:00:16,48,37.65600209,-80.89544314,"-80.89544314,37.65600209",Xander8
7,Willow,2014-02-14T10:00:09,2014-02-14T10:00:16,49,37.78564804,-80.25522962,"-80.25522962,37.78564804",Willow7
6,Giles,2014-02-14T10:00:10,2014-02-14T10:00:16,50,37.8136721,-81.18583008,"-81.18583008,37.8136721",Giles6
16,Spike,2014-02-14T10:00:01,2014-02-14T10:00:17,51,38.260379,-81.574006,"-81.574006,38.260379",Spike16
10,Buffy,2014-02-14T10:00:07,2014-02-14T10:00:17,52,38.341187,-81.632709,"-81.632709,38.341187",Buffy10
9,Xander,2014-02-14T10:00:08,2014-02-14T10:00:17,53,37.65180928,-80.86190278,"-80.86190278,37.65180928",Xander9
8,Willow,2014-02-14T10:00:09,2014-02-14T10:00:17,54,37.79410037,-80.28375119,"-80.28375119,37.79410037",Willow8
7,Giles,2014-02-14T10:00:10,2014-02-14T10:00:17,55,37.82192502,-81.19166822,"-81.19166822,37.82192502",Giles7
17,Spike,2014-02-14T10:00:01,2014-02-14T10:00:18,56,38.254712,-81.573007,"-81.573007,38.254712",Spike17
11,Buffy,2014-02-14T10:00:07,2014-02-14T10:00:18,57,38.35295916,-81.64545603,"-81.64545603,38.35295916",Buffy11
10,Xander,2014-02-14T10:00:08,2014-02-14T10:00:18,58,37.66019465,-80.82895084,"-80.82895084,37.66019465",Xander10
9,Willow,2014-02-14T10:00:09,2014-02-14T10:00:18,59,37.77719475,-80.32118575,"-80.32118575,37.77719475",Willow9
8,Giles,2014-02-14T10:00:10,2014-02-14T10:00:18,60,37.83139047,-81.19566274,"-81.19566274,37.83139047",Giles8
18,Spike,2014-02-14T10:00:01,2014-02-14T10:00:19,61,38.250621,-81.570993,"-81.570993,38.250621",Spike18
12,Buffy,2014-02-14T10:00:07,2014-02-14T10:00:19,62,38.3462972,-81.65583857,"-81.65583857,38.3462972",Buffy12
11,Xander,2014-02-14T10:00:08,2014-02-14T10:00:19,63,37.64947985,-80.81129801,"-80.81129801,37.64947985",Xander11
10,Willow,2014-02-14T10:00:09,2014-02-14T10:00:19,64,37.77624839,-80.38173261,"-80.38173261,37.77624839",Willow10
9,Giles,2014-02-14T10:00:10,2014-02-14T10:00:19,65,37.837742,-81.194031,"-81.194031,37.837742",Giles9
19,Spike,2014-02-14T10:00:01,2014-02-14T10:00:20,66,38.24783,-81.569099,"-81.569099,38.24783",Spike19
13,Buffy,2014-02-14T10:00:07,2014-02-14T10:00:20,67,38.34185555,-81.67943525,"-81.67943525,38.34185555",Buffy13
12,Xander,2014-02-14T10:00:08,2014-02-14T10:00:20,68,37.63689962,-80.7959989,"-80.7959989,37.63689962",Xander12
11,Willow,2014-02-14T10:00:09,2014-02-14T10:00:20,69,37.79338413,-80.38501778,"-80.38501778,37.79338413",Willow11
10,Giles,2014-02-14T10:00:10,2014-02-14T10:00:20,70,37.845912,-81.194746,"-81.194746,37.845912",Giles10
20,Spike,2014-02-14T10:00:01,2014-02-14T10:00:21,71,38.244299,-81.566831,"-81.566831,38.244299",Spike20
14,Buffy,2014-02-14T10:00:07,2014-02-14T10:00:21,72,38.34037494,-81.69925646,"-81.69925646,38.34037494",Buffy14
13,Xander,2014-02-14T10:00:08,2014-02-14T10:00:21,73,37.64295703,-80.77010809,"-80.77010809,37.64295703",Xander13
12,Willow,2014-02-14T10:00:09,2014-02-14T10:00:21,74,37.80740132,-80.41195614,"-80.41195614,37.80740132",Willow12
11,Giles,2014-02-14T10:00:10,2014-02-14T10:00:21,75,37.85298656,-81.1924364,"-81.1924364,37.85298656",Giles11
21,Spike,2014-02-14T10:00:01,2014-02-14T10:00:22,76,38.242989,-81.563269,"-81.563269,38.242989",Spike21
15,Buffy,2014-02-14T10:00:07,2014-02-14T10:00:22,77,38.32408624,-81.71435834,"-81.71435834,38.32408624",Buffy15
14,Xander,2014-02-14T10:00:08,2014-02-14T10:00:22,78,37.6513434,-80.75598583,"-80.75598583,37.6513434",Xander14
13,Willow,2014-02-14T10:00:09,2014-02-14T10:00:22,79,37.816504,-80.429404,"-80.429404,37.816504",Willow13
12,Giles,2014-02-14T10:00:10,2014-02-14T10:00:22,80,37.86366094,-81.1876737,"-81.1876737,37.86366094",Giles12
22,Spike,2014-02-14T10:00:01,2014-02-14T10:00:23,81,38.240726,-81.565266,"-81.565266,38.240726",Spike22
16,Buffy,2014-02-14T10:00:07,2014-02-14T10:00:23,82,38.29594259,-81.74456209,"-81.74456209,38.29594259",Buffy16
15,Xander,2014-02-14T10:00:08,2014-02-14T10:00:23,83,37.64528667,-80.7359793,"-80.7359793,37.64528667",Xander15
14,Willow,2014-02-14T10:00:09,2014-02-14T10:00:23,84,37.84197865,-80.41566344,"-80.41566344,37.84197865",Willow14
13,Giles,2014-02-14T10:00:10,2014-02-14T10:00:23,85,37.869217,-81.18855,"-81.18855,37.869217",Giles13
23,Spike,2014-02-14T10:00:01,2014-02-14T10:00:24,86,38.238271,-81.560868,"-81.560868,38.238271",Spike23
17,Buffy,2014-02-14T10:00:07,2014-02-14T10:00:24,87,38.27519817,-81.77665357,"-81.77665357,38.27519817",Buffy17
16,Xander,2014-02-14T10:00:08,2014-02-14T10:00:24,88,37.66578437,-80.73892144,"-80.73892144,37.66578437",Xander16
15,Willow,2014-02-14T10:00:09,2014-02-14T10:00:24,89,37.86590614,-80.41031565,"-80.41031565,37.86590614",Willow15
14,Giles,2014-02-14T10:00:10,2014-02-14T10:00:24,90,37.88160983,-81.19074641,"-81.19074641,37.88160983",Giles14
24,Spike,2014-02-14T10:00:01,2014-02-14T10:00:25,91,38.233377,-81.5523,"-81.5523,38.233377",Spike24
18,Buffy,2014-02-14T10:00:07,2014-02-14T10:00:25,92,38.26482374,-81.80968893,"-81.80968893,38.26482374",Buffy18
17,Xander,2014-02-14T10:00:08,2014-02-14T10:00:25,93,37.68068823,-80.73480244,"-80.73480244,37.68068823",Xander17
16,Willow,2014-02-14T10:00:09,2014-02-14T10:00:25,94,37.88982586,-80.41388084,"-80.41388084,37.88982586",Willow16
15,Giles,2014-02-14T10:00:10,2014-02-14T10:00:25,95,37.88985514,-81.1876737,"-81.1876737,37.88985514",Giles15
25,Spike,2014-02-14T10:00:01,2014-02-14T10:00:26,96,38.226993,-81.543847,"-81.543847,38.226993",Spike25
19,Buffy,2014-02-14T10:00:07,2014-02-14T10:00:26,97,38.25667136,-81.83800495,"-81.83800495,38.25667136",Buffy19
18,Xander,2014-02-14T10:00:08,2014-02-14T10:00:26,98,37.68394806,-80.71656119,"-80.71656119,37.68394806",Xander18
17,Willow,2014-02-14T10:00:09,2014-02-14T10:00:26,99,37.88982586,-80.41209824,"-80.41209824,37.88982586",Willow17
16,Giles,2014-02-14T10:00:10,2014-02-14T10:00:26,100,37.898962,-81.179047,"-81.179047,37.898962",Giles16
26,Spike,2014-02-14T10:00:01,2014-02-14T10:00:27,101,38.22037,-81.535619,"-81.535619,38.22037",Spike26
20,Buffy,2014-02-14T10:00:07,2014-02-14T10:00:27,102,38.23146732,-81.83989268,"-81.83989268,38.23146732",Buffy20
19,Xander,2014-02-14T10:00:08,2014-02-14T10:00:27,103,37.67929112,-80.69714309,"-80.69714309,37.67929112",Xander19
18,Willow,2014-02-14T10:00:09,2014-02-14T10:00:27,104,37.86309154,-80.40853305,"-80.40853305,37.86309154",Willow18
17,Giles,2014-02-14T10:00:10,2014-02-14T10:00:27,105,37.90707033,-81.17108109,"-81.17108109,37.90707033",Giles17
27,Spike,2014-02-14T10:00:01,2014-02-14T10:00:28,106,38.212814,-81.527753,"-81.527753,38.212814",Spike27
21,Buffy,2014-02-14T10:00:07,2014-02-14T10:00:28,107,38.20402946,-81.83328561,"-81.83328561,38.20402946",Buffy21
20,Xander,2014-02-14T10:00:08,2014-02-14T10:00:28,108,37.69372666,-80.6824324,"-80.6824324,37.69372666",Xander20
19,Willow,2014-02-14T10:00:09,2014-02-14T10:00:28,109,37.83916314,-80.41922864,"-80.41922864,37.83916314",Willow19
18,Giles,2014-02-14T10:00:10,2014-02-14T10:00:28,110,37.915221,-81.165729,"-81.165729,37.915221",Giles18
28,Spike,2014-02-14T10:00:01,2014-02-14T10:00:29,111,38.206384,-81.518849,"-81.518849,38.206384",Spike28
22,Buffy,2014-02-14T10:00:07,2014-02-14T10:00:29,112,38.18177495,-81.85027522,"-81.85027522,38.18177495",Buffy22
21,Xander,2014-02-14T10:00:08,2014-02-14T10:00:29,113,37.70722832,-80.67007542,"-80.67007542,37.70722832",Xander21
20,Willow,2014-02-14T10:00:09,2014-02-14T10:00:29,114,37.816504,-80.429404,"-80.429404,37.816504",Willow20
19,Giles,2014-02-14T10:00:10,2014-02-14T10:00:29,115,37.92199495,-81.16072491,"-81.16072491,37.92199495",Giles19
29,Spike,2014-02-14T10:00:01,2014-02-14T10:00:30,116,38.199208,-81.511011,"-81.511011,38.199208",Spike29
23,Buffy,2014-02-14T10:00:07,2014-02-14T10:00:30,117,38.15802932,-81.85121909,"-81.85121909,38.15802932",Buffy23
22,Xander,2014-02-14T10:00:08,2014-02-14T10:00:30,118,37.7267781,-80.67654812,"-80.67654812,37.7267781",Xander22
21,Willow,2014-02-14T10:00:09,2014-02-14T10:00:30,119,37.8039602,-80.4477502,"-80.4477502,37.8039602",Willow21
20,Giles,2014-02-14T10:00:10,2014-02-14T10:00:30,120,37.9276577,-81.15535003,"-81.15535003,37.9276577",Giles20
30,Spike,2014-02-14T10:00:01,2014-02-14T10:00:31,121,38.193453,-81.501621,"-81.501621,38.193453",Spike30
24,Buffy,2014-02-14T10:00:07,2014-02-14T10:00:31,122,38.13576076,-81.83422948,"-81.83422948,38.13576076",Buffy24
23,Xander,2014-02-14T10:00:08,2014-02-14T10:00:31,123,37.73282817,-80.66360272,"-80.66360272,37.73282817",Xander23
22,Willow,2014-02-14T10:00:09,2014-02-14T10:00:31,124,37.78846559,-80.453098,"-80.453098,37.78846559",Willow22
21,Giles,2014-02-14T10:00:10,2014-02-14T10:00:31,125,37.92857935,-81.15298633,"-81.15298633,37.92857935",Giles21
31,Spike,2014-02-14T10:00:01,2014-02-14T10:00:32,126,38.192785,-81.490038,"-81.490038,38.192785",Spike31
25,Buffy,2014-02-14T10:00:07,2014-02-14T10:00:32,127,38.11348541,-81.84461202,"-81.84461202,38.11348541",Buffy25
24,Xander,2014-02-14T10:00:08,2014-02-14T10:00:32,128,37.72398559,-80.63771191,"-80.63771191,37.72398559",Xander24
23,Willow,2014-02-14T10:00:09,2014-02-14T10:00:32,129,37.76874048,-80.46557618,"-80.46557618,37.76874048",Willow23
22,Giles,2014-02-14T10:00:10,2014-02-14T10:00:32,130,37.92864794,-81.15107342,"-81.15107342,37.92864794",Giles22
32,Spike,2014-02-14T10:00:01,2014-02-14T10:00:33,131,38.195598,-81.479399,"-81.479399,38.195598",Spike32
26,Buffy,2014-02-14T10:00:07,2014-02-14T10:00:33,132,38.09566023,-81.83328561,"-81.83328561,38.09566023",Buffy26
25,Xander,2014-02-14T10:00:08,2014-02-14T10:00:33,133,37.72119297,-80.61064425,"-80.61064425,37.72119297",Xander25
24,Willow,2014-02-14T10:00:09,2014-02-14T10:00:33,134,37.74904771,-80.46947881,"-80.46947881,37.74904771",Willow24
23,Giles,2014-02-14T10:00:10,2014-02-14T10:00:33,135,37.92727624,-81.15037782,"-81.15037782,37.92727624",Giles23
33,Spike,2014-02-14T10:00:01,2014-02-14T10:00:34,136,38.188905,-81.47717,"-81.47717,38.188905",Spike33
27,Buffy,2014-02-14T10:00:07,2014-02-14T10:00:34,137,38.10011693,-81.80119412,"-81.80119412,38.10011693",Buffy27
26,Xander,2014-02-14T10:00:08,2014-02-14T10:00:34,138,37.73375891,-80.588284,"-80.588284,37.73375891",Xander26
25,Willow,2014-02-14T10:00:09,2014-02-14T10:00:34,139,37.74444355,-80.44580102,"-80.44580102,37.74444355",Willow25
24,Giles,2014-02-14T10:00:10,2014-02-14T10:00:34,140,37.92573729,-81.15204592,"-81.15204592,37.92573729",Giles24
34,Spike,2014-02-14T10:00:01,2014-02-14T10:00:35,141,38.185335,-81.473181,"-81.473181,38.185335",Spike34
28,Buffy,2014-02-14T10:00:07,2014-02-14T10:00:35,142,38.09863139,-81.77099037,"-81.77099037,38.09863139",Buffy28
27,Xander,2014-02-14T10:00:08,2014-02-14T10:00:35,143,37.75190594,-80.55886263,"-80.55886263,37.75190594",Xander27
26,Willow,2014-02-14T10:00:09,2014-02-14T10:00:35,144,37.72678442,-80.4435726,"-80.4435726,37.72678442",Willow26
25,Giles,2014-02-14T10:00:10,2014-02-14T10:00:35,145,37.92560011,-81.15343713,"-81.15343713,37.92560011",Giles25
35,Spike,2014-02-14T10:00:01,2014-02-14T10:00:36,146,38.1825973,-81.46606774,"-81.46606774,38.1825973",Spike35
29,Buffy,2014-02-14T10:00:07,2014-02-14T10:00:36,147,38.10308791,-81.74550595,"-81.74550595,38.10308791",Buffy29
28,Xander,2014-02-14T10:00:08,2014-02-14T10:00:36,148,37.75562786,-80.53767924,"-80.53767924,37.75562786",Xander28
27,Willow,2014-02-14T10:00:09,2014-02-14T10:00:36,149,37.70723789,-80.44110661,"-80.44110661,37.70723789",Willow27
26,Giles,2014-02-14T10:00:10,2014-02-14T10:00:36,150,37.922121,-81.150963,"-81.150963,37.922121",Giles26
36,Spike,2014-02-14T10:00:01,2014-02-14T10:00:37,151,38.1750547,-81.4602525,"-81.4602525,38.1750547",Spike36
30,Buffy,2014-02-14T10:00:07,2014-02-14T10:00:37,152,38.10160244,-81.709639,"-81.709639,38.10160244",Buffy30
29,Xander,2014-02-14T10:00:08,2014-02-14T10:00:37,153,37.74186949,-80.50302107,"-80.50302107,37.74186949",Xander29
28,Willow,2014-02-14T10:00:09,2014-02-14T10:00:37,154,37.68586455,-80.45766741,"-80.45766741,37.68586455",Willow28
27,Giles,2014-02-14T10:00:10,2014-02-14T10:00:37,155,37.921329,-81.147782,"-81.147782,37.921329",Giles27
37,Spike,2014-02-14T10:00:01,2014-02-14T10:00:38,156,38.174135,-81.448789,"-81.448789,38.174135",Spike37
31,Buffy,2014-02-14T10:00:07,2014-02-14T10:00:38,157,38.13056379,-81.69359326,"-81.69359326,38.13056379",Buffy31
30,Xander,2014-02-14T10:00:08,2014-02-14T10:00:38,158,37.74904771,-80.46947881,"-80.46947881,37.74904771",Xander30
29,Willow,2014-02-14T10:00:09,2014-02-14T10:00:38,159,37.6718567,-80.46706999,"-80.46706999,37.6718567",Willow29
28,Giles,2014-02-14T10:00:10,2014-02-14T10:00:38,160,37.920273,-81.145506,"-81.145506,37.920273",Giles28
38,Spike,2014-02-14T10:00:01,2014-02-14T10:00:39,161,38.168301,-81.446155,"-81.446155,38.168301",Spike38
32,Buffy,2014-02-14T10:00:07,2014-02-14T10:00:39,162,38.14392669,-81.65961403,"-81.65961403,38.14392669",Buffy32
31,Xander,2014-02-14T10:00:08,2014-02-14T10:00:39,163,37.74444355,-80.44580102,"-80.44580102,37.74444355",Xander31
30,Willow,2014-02-14T10:00:09,2014-02-14T10:00:39,164,37.65478105,-80.49361848,"-80.49361848,37.65478105",Willow30
29,Giles,2014-02-14T10:00:10,2014-02-14T10:00:39,165,37.918121,-81.145906,"-81.145906,37.918121",Giles29
39,Spike,2014-02-14T10:00:01,2014-02-14T10:00:40,166,38.160628,-81.447334,"-81.447334,38.160628",Spike39
33,Buffy,2014-02-14T10:00:07,2014-02-14T10:00:40,167,38.13576076,-81.63507349,"-81.63507349,38.13576076",Buffy33
32,Xander,2014-02-14T10:00:08,2014-02-14T10:00:40,168,37.70723789,-80.44110661,"-80.44110661,37.70723789",Xander32
31,Willow,2014-02-14T10:00:09,2014-02-14T10:00:40,169,37.63891476,-80.50788832,"-80.50788832,37.63891476",Willow31
30,Giles,2014-02-14T10:00:10,2014-02-14T10:00:40,170,37.918514,-81.148626,"-81.148626,37.918514",Giles30
40,Spike,2014-02-14T10:00:01,2014-02-14T10:00:41,171,38.151824,-81.447181,"-81.447181,38.151824",Spike40
34,Buffy,2014-02-14T10:00:07,2014-02-14T10:00:41,172,38.11942616,-81.61714001,"-81.61714001,38.11942616",Buffy34
33,Xander,2014-02-14T10:00:08,2014-02-14T10:00:41,173,37.68586455,-80.45766741,"-80.45766741,37.68586455",Xander33
32,Willow,2014-02-14T10:00:09,2014-02-14T10:00:41,174,37.65169068,-80.52618451,"-80.52618451,37.65169068",Willow32
31,Giles,2014-02-14T10:00:10,2014-02-14T10:00:41,175,37.9158559,-81.14885234,"-81.14885234,37.9158559",Giles31
41,Spike,2014-02-14T10:00:01,2014-02-14T10:00:42,176,38.143633,-81.450487,"-81.450487,38.143633",Spike41
35,Buffy,2014-02-14T10:00:07,2014-02-14T10:00:42,177,38.10011693,-81.61525227,"-81.61525227,38.10011693",Buffy35
34,Xander,2014-02-14T10:00:08,2014-02-14T10:00:42,178,37.6718567,-80.46706999,"-80.46706999,37.6718567",Xander34
33,Willow,2014-02-14T10:00:09,2014-02-14T10:00:42,179,37.62587486,-80.51961387,"-80.51961387,37.62587486",Willow33
32,Giles,2014-02-14T10:00:10,2014-02-14T10:00:42,180,37.91484611,-81.14578043,"-81.14578043,37.91484611",Giles32
42,Spike,2014-02-14T10:00:01,2014-02-14T10:00:43,181,38.136707,-81.44767,"-81.44767,38.136707",Spike42
36,Buffy,2014-02-14T10:00:07,2014-02-14T10:00:43,182,38.07931666,-81.60958907,"-81.60958907,38.07931666",Buffy36
35,Xander,2014-02-14T10:00:08,2014-02-14T10:00:43,183,37.65478105,-80.49361848,"-80.49361848,37.65478105",Xander35
34,Willow,2014-02-14T10:00:09,2014-02-14T10:00:43,184,37.60660516,-80.54062138,"-80.54062138,37.60660516",Willow34
33,Giles,2014-02-14T10:00:10,2014-02-14T10:00:43,185,37.91605785,-81.1396366,"-81.1396366,37.91605785",Giles33
43,Spike,2014-02-14T10:00:01,2014-02-14T10:00:44,186,38.132794,-81.438135,"-81.438135,38.132794",Spike43
37,Buffy,2014-02-14T10:00:07,2014-02-14T10:00:44,187,38.07485869,-81.58788012,"-81.58788012,38.07485869",Buffy37
36,Xander,2014-02-14T10:00:08,2014-02-14T10:00:44,188,37.62587486,-80.51961387,"-80.51961387,37.62587486",Xander36
35,Willow,2014-02-14T10:00:09,2014-02-14T10:00:44,189,37.57767289,-80.5511402,"-80.5511402,37.57767289",Willow35
34,Giles,2014-02-14T10:00:10,2014-02-14T10:00:44,190,37.91827933,-81.13861263,"-81.13861263,37.91827933",Giles34
44,Spike,2014-02-14T10:00:01,2014-02-14T10:00:45,191,38.133802,-81.426684,"-81.426684,38.133802",Spike44
38,Buffy,2014-02-14T10:00:07,2014-02-14T10:00:45,192,38.0622263,-81.57466598,"-81.57466598,38.0622263",Buffy38
37,Xander,2014-02-14T10:00:08,2014-02-14T10:00:45,193,37.60660516,-80.54062138,"-80.54062138,37.60660516",Xander37
36,Willow,2014-02-14T10:00:09,2014-02-14T10:00:45,194,37.56066434,-80.56907583,"-80.56907583,37.56066434",Willow36
35,Giles,2014-02-14T10:00:10,2014-02-14T10:00:45,195,37.91403827,-81.1363087,"-81.1363087,37.91403827",Giles35
45,Spike,2014-02-14T10:00:01,2014-02-14T10:00:46,196,38.133637,-81.415925,"-81.415925,38.133637",Spike45
39,Buffy,2014-02-14T10:00:07,2014-02-14T10:00:46,197,38.04438862,-81.57844145,"-81.57844145,38.04438862",Buffy39
38,Xander,2014-02-14T10:00:08,2014-02-14T10:00:46,198,37.57767289,-80.5511402,"-80.5511402,37.57767289",Xander38
37,Willow,2014-02-14T10:00:09,2014-02-14T10:00:46,199,37.54829821,-80.58211343,"-80.58211343,37.54829821",Willow37
36,Giles,2014-02-14T10:00:10,2014-02-14T10:00:46,200,37.91181666,-81.13835664,"-81.13835664,37.91181666",Giles36
46,Spike,2014-02-14T10:00:01,2014-02-14T10:00:47,201,38.135097,-81.4047,"-81.4047,38.135097",Spike46
40,Buffy,2014-02-14T10:00:07,2014-02-14T10:00:47,202,38.0339813,-81.56994665,"-81.56994665,38.0339813",Buffy40
39,Xander,2014-02-14T10:00:08,2014-02-14T10:00:47,203,37.54829821,-80.58211343,"-80.58211343,37.54829821",Xander39
38,Willow,2014-02-14T10:00:09,2014-02-14T10:00:47,204,37.53898046,-80.59948605,"-80.59948605,37.53898046",Willow38
37,Giles,2014-02-14T10:00:10,2014-02-14T10:00:47,205,37.91201863,-81.14194054,"-81.14194054,37.91201863",Giles37
47,Spike,2014-02-14T10:00:01,2014-02-14T10:00:48,206,38.131624,-81.394906,"-81.394906,38.131624",Spike47
41,Buffy,2014-02-14T10:00:07,2014-02-14T10:00:48,207,38.01613674,-81.57560985,"-81.57560985,38.01613674",Buffy41
40,Xander,2014-02-14T10:00:08,2014-02-14T10:00:48,208,37.5226484,-80.6182938,"-80.6182938,37.5226484",Xander40
39,Willow,2014-02-14T10:00:09,2014-02-14T10:00:48,209,37.5226484,-80.6182938,"-80.6182938,37.5226484",Willow39
38,Giles,2014-02-14T10:00:10,2014-02-14T10:00:48,210,37.9122206,-81.14424447,"-81.14424447,37.9122206",Giles38
48,Spike,2014-02-14T10:00:01,2014-02-14T10:00:49,211,38.127345,-81.388507,"-81.388507,38.127345",Spike48
42,Buffy,2014-02-14T10:00:07,2014-02-14T10:00:49,212,38.00572541,-81.55484477,"-81.55484477,38.00572541",Buffy42
41,Xander,2014-02-14T10:00:08,2014-02-14T10:00:49,213,37.50000726,-80.61417452,"-80.61417452,37.50000726",Xander41
40,Willow,2014-02-14T10:00:09,2014-02-14T10:00:49,214,37.50000726,-80.61417452,"-80.61417452,37.50000726",Willow40
39,Giles,2014-02-14T10:00:10,2014-02-14T10:00:49,215,37.91403827,-81.14629241,"-81.14629241,37.91403827",Giles39
49,Spike,2014-02-14T10:00:01,2014-02-14T10:00:50,216,38.119047,-81.386773,"-81.386773,38.119047",Spike49
43,Buffy,2014-02-14T10:00:07,2014-02-14T10:00:50,217,37.97969061,-81.53691129,"-81.53691129,37.97969061",Buffy43
42,Xander,2014-02-14T10:00:08,2014-02-14T10:00:50,218,37.47546925,-80.65899343,"-80.65899343,37.47546925",Xander42
41,Willow,2014-02-14T10:00:09,2014-02-14T10:00:50,219,37.4891265,-80.63405015,"-80.63405015,37.4891265",Willow41
40,Giles,2014-02-14T10:00:10,2014-02-14T10:00:50,220,37.91565394,-81.14859635,"-81.14859635,37.91565394",Giles40
50,Spike,2014-02-14T10:00:01,2014-02-14T10:00:51,221,38.11032,-81.388974,"-81.388974,38.11032",Spike50
44,Buffy,2014-02-14T10:00:07,2014-02-14T10:00:51,222,37.96958298,-81.53360535,"-81.53360535,37.96958298",Buffy44
43,Xander,2014-02-14T10:00:08,2014-02-14T10:00:51,223,37.45000624,-80.67392695,"-80.67392695,37.45000624",Xander43
42,Willow,2014-02-14T10:00:09,2014-02-14T10:00:51,224,37.47546925,-80.65899343,"-80.65899343,37.47546925",Willow42
41,Giles,2014-02-14T10:00:10,2014-02-14T10:00:51,225,37.91875495,-81.14778105,"-81.14778105,37.91875495",Giles41
51,Spike,2014-02-14T10:00:01,2014-02-14T10:00:52,226,38.102393,-81.383809,"-81.383809,38.102393",Spike51
45,Buffy,2014-02-14T10:00:07,2014-02-14T10:00:52,227,37.96093642,-81.51809965,"-81.51809965,37.96093642",Buffy45
44,Xander,2014-02-14T10:00:08,2014-02-14T10:00:52,228,37.42799508,-80.72567438,"-80.72567438,37.42799508",Xander44
43,Willow,2014-02-14T10:00:09,2014-02-14T10:00:52,229,37.45000624,-80.67392695,"-80.67392695,37.45000624",Willow43
42,Giles,2014-02-14T10:00:10,2014-02-14T10:00:52,230,37.921368,-81.146581,"-81.146581,37.921368",Giles42
52,Spike,2014-02-14T10:00:01,2014-02-14T10:00:53,231,38.096587,-81.391241,"-81.391241,38.096587",Spike52
46,Buffy,2014-02-14T10:00:07,2014-02-14T10:00:53,232,37.95974371,-81.49956844,"-81.49956844,37.95974371",Buffy46
45,Xander,2014-02-14T10:00:08,2014-02-14T10:00:53,233,37.40495005,-80.75716269,"-80.75716269,37.40495005",Xander45
44,Willow,2014-02-14T10:00:09,2014-02-14T10:00:53,234,37.43856629,-80.70082374,"-80.70082374,37.43856629",Willow44
43,Giles,2014-02-14T10:00:10,2014-02-14T10:00:53,235,37.921696,-81.149693,"-81.149693,37.921696",Giles43
53,Spike,2014-02-14T10:00:01,2014-02-14T10:00:54,236,38.089113,-81.387698,"-81.387698,38.089113",Spike53
47,Buffy,2014-02-14T10:00:07,2014-02-14T10:00:54,237,37.95735823,-81.47990267,"-81.47990267,37.95735823",Buffy47
46,Xander,2014-02-14T10:00:08,2014-02-14T10:00:54,238,37.38952345,-80.81012116,"-80.81012116,37.38952345",Xander46
45,Willow,2014-02-14T10:00:09,2014-02-14T10:00:54,239,37.42799508,-80.72567438,"-80.72567438,37.42799508",Willow45
44,Giles,2014-02-14T10:00:10,2014-02-14T10:00:54,240,37.924248,-81.152391,"-81.152391,37.924248",Giles44
54,Spike,2014-02-14T10:00:01,2014-02-14T10:00:55,241,38.07531433,-81.380686,"-81.380686,38.07531433",Spike54
48,Buffy,2014-02-14T10:00:07,2014-02-14T10:00:55,242,37.95735823,-81.46174965,"-81.46174965,37.95735823",Buffy48
47,Xander,2014-02-14T10:00:08,2014-02-14T10:00:55,243,37.37689933,-80.82188971,"-80.82188971,37.37689933",Xander47
46,Willow,2014-02-14T10:00:09,2014-02-14T10:00:55,244,37.40495005,-80.75716269,"-80.75716269,37.40495005",Willow46
45,Giles,2014-02-14T10:00:10,2014-02-14T10:00:55,245,37.92679613,-81.15020392,"-81.15020392,37.92679613",Giles45
55,Spike,2014-02-14T10:00:01,2014-02-14T10:00:56,246,38.06633289,-81.37783385,"-81.37783385,38.06633289",Spike55
49,Buffy,2014-02-14T10:00:07,2014-02-14T10:00:56,247,37.95377988,-81.4413275,"-81.4413275,37.95377988",Buffy49
48,Xander,2014-02-14T10:00:08,2014-02-14T10:00:56,248,37.35491893,-80.81070959,"-80.81070959,37.35491893",Xander48
47,Willow,2014-02-14T10:00:09,2014-02-14T10:00:56,249,37.39735401,-80.78324075,"-80.78324075,37.39735401",Willow47
46,Giles,2014-02-14T10:00:10,2014-02-14T10:00:56,250,37.92864794,-81.15107342,"-81.15107342,37.92864794",Giles46
56,Spike,2014-02-14T10:00:01,2014-02-14T10:00:57,251,38.059988,-81.374982,"-81.374982,38.059988",Spike56
50,Buffy,2014-02-14T10:00:07,2014-02-14T10:00:57,252,37.95049956,-81.42241811,"-81.42241811,37.95049956",Buffy50
49,Xander,2014-02-14T10:00:08,2014-02-14T10:00:57,253,37.33246423,-80.80659059,"-80.80659059,37.33246423",Xander49
48,Willow,2014-02-14T10:00:09,2014-02-14T10:00:57,254,37.38952345,-80.81012116,"-80.81012116,37.38952345",Willow48
47,Giles,2014-02-14T10:00:10,2014-02-14T10:00:57,255,37.92768775,-81.15533399,"-81.15533399,37.92768775",Giles47
57,Spike,2014-02-14T10:00:01,2014-02-14T10:00:58,256,38.051395,-81.374532,"-81.374532,38.051395",Spike57
51,Buffy,2014-02-14T10:00:07,2014-02-14T10:00:58,257,37.9427455,-81.40615603,"-81.40615603,37.9427455",Buffy51
50,Xander,2014-02-14T10:00:08,2014-02-14T10:00:58,258,37.34509583,-80.78423035,"-80.78423035,37.34509583",Xander50
49,Willow,2014-02-14T10:00:09,2014-02-14T10:00:58,259,37.38256364,-80.85298381,"-80.85298381,37.38256364",Willow49
48,Giles,2014-02-14T10:00:10,2014-02-14T10:00:58,260,37.92973,-81.157329,"-81.157329,37.92973",Giles48
58,Spike,2014-02-14T10:00:01,2014-02-14T10:00:59,261,38.045503,-81.36608,"-81.36608,38.045503",Spike58
52,Buffy,2014-02-14T10:00:07,2014-02-14T10:00:59,262,37.9427455,-81.3883812,"-81.3883812,37.9427455",Buffy52
51,Xander,2014-02-14T10:00:08,2014-02-14T10:00:59,263,37.34182117,-80.75716269,"-80.75716269,37.34182117",Xander51
50,Willow,2014-02-14T10:00:09,2014-02-14T10:00:59,264,37.36888427,-80.87200852,"-80.87200852,37.36888427",Willow50
49,Giles,2014-02-14T10:00:10,2014-02-14T10:00:59,265,37.93197998,-81.15856815,"-81.15856815,37.93197998",Giles49
59,Spike,2014-02-14T10:00:01,2014-02-14T10:01:00,266,38.036988,-81.362658,"-81.362658,38.036988",Spike59
53,Buffy,2014-02-14T10:00:07,2014-02-14T10:01:00,267,37.93290264,-81.37438825,"-81.37438825,37.93290264",Buffy53
52,Xander,2014-02-14T10:00:08,2014-02-14T10:01:00,268,37.33807853,-80.71126534,"-80.71126534,37.33807853",Xander52
51,Willow,2014-02-14T10:00:09,2014-02-14T10:01:00,269,37.36038353,-80.8844867,"-80.8844867,37.36038353",Willow51
50,Giles,2014-02-14T10:00:10,2014-02-14T10:01:00,270,37.93454444,-81.15965355,"-81.15965355,37.93454444",Giles50
60,Spike,2014-02-14T10:00:01,2014-02-14T10:01:01,271,38.029014,-81.357352,"-81.357352,38.029014",Spike60
54,Buffy,2014-02-14T10:00:07,2014-02-14T10:01:01,272,37.93141118,-81.35850435,"-81.35850435,37.93141118",Buffy54
53,Xander,2014-02-14T10:00:08,2014-02-14T10:01:01,273,37.32918902,-80.67419441,"-80.67419441,37.32918902",Xander53
52,Willow,2014-02-14T10:00:09,2014-02-14T10:01:01,274,37.3561328,-80.90231268,"-80.90231268,37.3561328",Willow52
51,Giles,2014-02-14T10:00:10,2014-02-14T10:01:01,275,37.93748889,-81.16024264,"-81.16024264,37.93748889",Giles51
61,Spike,2014-02-14T10:00:01,2014-02-14T10:01:02,276,38.020796,-81.354504,"-81.354504,38.020796",Spike61
55,Buffy,2014-02-14T10:00:07,2014-02-14T10:01:02,277,37.92186513,-81.34564597,"-81.34564597,37.92186513",Buffy55
54,Xander,2014-02-14T10:00:08,2014-02-14T10:01:02,278,37.31608677,-80.64712675,"-80.64712675,37.31608677",Xander54
53,Willow,2014-02-14T10:00:09,2014-02-14T10:01:02,279,37.35396791,-80.92672742,"-80.92672742,37.35396791",Willow53
52,Giles,2014-02-14T10:00:10,2014-02-14T10:01:02,280,37.93988477,-81.15781209,"-81.15781209,37.93988477",Giles52
62,Spike,2014-02-14T10:00:01,2014-02-14T10:01:03,281,38.012584,-81.351921,"-81.351921,38.012584",Spike62
56,Buffy,2014-02-14T10:00:07,2014-02-14T10:01:03,282,37.90575337,-81.34942785,"-81.34942785,37.90575337",Buffy56
55,Xander,2014-02-14T10:00:08,2014-02-14T10:01:03,283,37.32076641,-80.61064425,"-80.61064425,37.32076641",Xander55
54,Willow,2014-02-14T10:00:09,2014-02-14T10:01:03,284,37.34621349,-80.95579062,"-80.95579062,37.34621349",Willow54
53,Giles,2014-02-14T10:00:10,2014-02-14T10:01:03,285,37.94372058,-81.15806808,"-81.15806808,37.94372058",Giles53
63,Spike,2014-02-14T10:00:01,2014-02-14T10:01:04,286,38.004578,-81.351274,"-81.351274,38.004578",Spike63
57,Buffy,2014-02-14T10:00:07,2014-02-14T10:01:04,287,37.88695185,-81.33959496,"-81.33959496,37.88695185",Buffy57
56,Xander,2014-02-14T10:00:08,2014-02-14T10:01:04,288,37.31000281,-80.57769231,"-80.57769231,37.31000281",Xander56
55,Willow,2014-02-14T10:00:09,2014-02-14T10:01:04,289,37.33912747,-80.9700514,"-80.9700514,37.33912747",Willow55
54,Giles,2014-02-14T10:00:10,2014-02-14T10:01:04,290,37.94735433,-81.15806808,"-81.15806808,37.94735433",Giles54
64,Spike,2014-02-14T10:00:01,2014-02-14T10:01:05,291,37.999033,-81.344413,"-81.344413,37.999033",Spike64
58,Buffy,2014-02-14T10:00:07,2014-02-14T10:01:05,292,37.86874262,-81.31917281,"-81.31917281,37.86874262",Buffy58
57,Xander,2014-02-14T10:00:08,2014-02-14T10:01:05,293,37.30017383,-80.53944452,"-80.53944452,37.30017383",Xander57
56,Willow,2014-02-14T10:00:09,2014-02-14T10:01:05,294,37.34064571,-80.98939039,"-80.98939039,37.34064571",Willow56
55,Giles,2014-02-14T10:00:10,2014-02-14T10:01:05,295,37.95078603,-81.15755609,"-81.15755609,37.95078603",Giles55
65,Spike,2014-02-14T10:00:01,2014-02-14T10:01:06,296,37.994158,-81.336057,"-81.336057,37.994158",Spike65
59,Buffy,2014-02-14T10:00:07,2014-02-14T10:01:06,297,37.86426426,-81.29534698,"-81.29534698,37.86426426",Buffy59
58,Xander,2014-02-14T10:00:08,2014-02-14T10:01:06,298,37.30298224,-80.50531573,"-80.50531573,37.30298224",Xander58
57,Willow,2014-02-14T10:00:09,2014-02-14T10:01:06,299,37.34196196,-81.01461635,"-81.01461635,37.34196196",Willow57
56,Giles,2014-02-14T10:00:10,2014-02-14T10:01:06,300,37.95542867,-81.15602014,"-81.15602014,37.95542867",Giles56
66,Spike,2014-02-14T10:00:01,2014-02-14T10:01:07,301,37.989228,-81.328522,"-81.328522,37.989228",Spike66
60,Buffy,2014-02-14T10:00:07,2014-02-14T10:01:07,302,37.87590744,-81.27795033,"-81.27795033,37.87590744",Buffy60
59,Xander,2014-02-14T10:00:08,2014-02-14T10:01:07,303,37.28566203,-80.48119021,"-80.48119021,37.28566203",Xander59
58,Willow,2014-02-14T10:00:09,2014-02-14T10:01:07,304,37.35188183,-81.01996415,"-81.01996415,37.35188183",Willow58
57,Giles,2014-02-14T10:00:10,2014-02-14T10:01:07,305,37.95764896,-81.15192425,"-81.15192425,37.95764896",Giles57
67,Spike,2014-02-14T10:00:01,2014-02-14T10:01:08,306,37.990344,-81.317922,"-81.317922,37.990344",Spike67
61,Buffy,2014-02-14T10:00:07,2014-02-14T10:01:08,307,37.87799705,-81.26773926,"-81.26773926,37.87799705",Buffy61
60,Xander,2014-02-14T10:00:08,2014-02-14T10:01:08,308,37.28332115,-80.45000355,"-80.45000355,37.28332115",Xander60
59,Willow,2014-02-14T10:00:09,2014-02-14T10:01:08,309,37.36959146,-81.03395364,"-81.03395364,37.36959146",Willow59
58,Giles,2014-02-14T10:00:10,2014-02-14T10:01:08,310,37.95968646,-81.14879344,"-81.14879344,37.95968646",Giles58
68,Spike,2014-02-14T10:00:01,2014-02-14T10:01:09,311,37.987452,-81.307584,"-81.307584,37.987452",Spike68
62,Buffy,2014-02-14T10:00:07,2014-02-14T10:01:09,312,37.85978562,-81.25601543,"-81.25601543,37.85978562",Buffy62
61,Xander,2014-02-14T10:00:08,2014-02-14T10:01:09,313,37.27536163,-80.42293589,"-80.42293589,37.27536163",Xander61
59,Giles,2014-02-14T10:00:10,2014-02-14T10:01:09,314,37.96322327,-81.14818328,"-81.14818328,37.96322327",Giles59
69,Spike,2014-02-14T10:00:01,2014-02-14T10:01:10,315,37.981237,-81.300385,"-81.300385,37.981237",Spike69
63,Buffy,2014-02-14T10:00:07,2014-02-14T10:01:10,316,37.84485485,-81.23861879,"-81.23861879,37.84485485",Buffy63
62,Xander,2014-02-14T10:00:08,2014-02-14T10:01:10,317,37.25428826,-80.41057891,"-80.41057891,37.25428826",Xander62
60,Giles,2014-02-14T10:00:10,2014-02-14T10:01:10,318,37.96586864,-81.14822728,"-81.14822728,37.96586864",Giles60
70,Spike,2014-02-14T10:00:01,2014-02-14T10:01:11,319,37.974528,-81.293712,"-81.293712,37.974528",Spike70
64,Buffy,2014-02-14T10:00:07,2014-02-14T10:01:11,320,37.83529758,-81.2163057,"-81.2163057,37.83529758",Buffy64
63,Xander,2014-02-14T10:00:08,2014-02-14T10:01:11,321,37.23086648,-80.41764004,"-80.41764004,37.23086648",Xander63
61,Giles,2014-02-14T10:00:10,2014-02-14T10:01:11,322,37.9693466,-81.1484111,"-81.1484111,37.9693466",Giles61
71,Spike,2014-02-14T10:00:01,2014-02-14T10:01:12,323,37.972851,-81.285092,"-81.285092,37.972851",Spike71
65,Buffy,2014-02-14T10:00:07,2014-02-14T10:01:12,324,37.84425756,-81.20912013,"-81.20912013,37.84425756",Buffy65
64,Xander,2014-02-14T10:00:08,2014-02-14T10:01:12,325,37.22336997,-80.40704834,"-80.40704834,37.22336997",Xander64
62,Giles,2014-02-14T10:00:10,2014-02-14T10:01:12,326,37.97455471,-81.14248789,"-81.14248789,37.97455471",Giles62
72,Spike,2014-02-14T10:00:01,2014-02-14T10:01:13,327,37.975605,-81.283693,"-81.283693,37.975605",Spike72
66,Buffy,2014-02-14T10:00:07,2014-02-14T10:01:13,328,37.85068166,-81.19612365,"-81.19612365,37.85068166",Buffy66
65,Xander,2014-02-14T10:00:08,2014-02-14T10:01:13,329,37.21868428,-80.41293262,"-80.41293262,37.21868428",Xander65
63,Giles,2014-02-14T10:00:10,2014-02-14T10:01:13,330,37.98018336,-81.14217042,"-81.14217042,37.98018336",Giles63
73,Spike,2014-02-14T10:00:01,2014-02-14T10:01:14,331,37.98084,-81.271808,"-81.271808,37.98084",Spike73
67,Buffy,2014-02-14T10:00:07,2014-02-14T10:01:14,332,37.859139,-81.18779,"-81.18779,37.859139",Buffy67
66,Xander,2014-02-14T10:00:08,2014-02-14T10:01:14,333,37.21727851,-80.42587802,"-80.42587802,37.21727851",Xander66
64,Giles,2014-02-14T10:00:10,2014-02-14T10:01:14,334,37.98480114,-81.14390146,"-81.14390146,37.98480114",Giles64
74,Spike,2014-02-14T10:00:01,2014-02-14T10:01:15,335,37.979125,-81.266622,"-81.266622,37.979125",Spike74
68,Buffy,2014-02-14T10:00:07,2014-02-14T10:01:15,336,37.86770602,-81.18831168,"-81.18831168,37.86770602",Buffy68
65,Giles,2014-02-14T10:00:10,2014-02-14T10:01:15,337,37.9865858,-81.1440826,"-81.1440826,37.9865858",Giles65
75,Spike,2014-02-14T10:00:01,2014-02-14T10:01:16,338,37.977195,-81.263511,"-81.263511,37.977195",Spike75
69,Buffy,2014-02-14T10:00:07,2014-02-14T10:01:16,339,37.87242408,-81.18755564,"-81.18755564,37.87242408",Buffy69
66,Giles,2014-02-14T10:00:10,2014-02-14T10:01:16,340,37.9842872,-81.13861263,"-81.13861263,37.9842872",Giles66
76,Spike,2014-02-14T10:00:01,2014-02-14T10:01:17,341,37.973372,-81.25957,"-81.25957,37.973372",Spike76
70,Buffy,2014-02-14T10:00:07,2014-02-14T10:01:17,342,37.87535955,-81.18583928,"-81.18583928,37.87535955",Buffy70
67,Giles,2014-02-14T10:00:10,2014-02-14T10:01:17,343,37.9848925,-81.13579671,"-81.13579671,37.9848925",Giles67
77,Spike,2014-02-14T10:00:01,2014-02-14T10:01:18,344,37.970714,-81.255551,"-81.255551,37.970714",Spike77
71,Buffy,2014-02-14T10:00:07,2014-02-14T10:01:18,345,37.87964964,-81.18769867,"-81.18769867,37.87964964",Buffy71
68,Giles,2014-02-14T10:00:10,2014-02-14T10:01:18,346,37.98610309,-81.1327248,"-81.1327248,37.98610309",Giles68
78,Spike,2014-02-14T10:00:01,2014-02-14T10:01:19,347,37.970543,-81.248703,"-81.248703,37.970543",Spike78
72,Buffy,2014-02-14T10:00:07,2014-02-14T10:01:19,348,37.88450391,-81.1878417,"-81.1878417,37.88450391",Buffy72
69,Giles,2014-02-14T10:00:10,2014-02-14T10:01:19,349,37.98670838,-81.12888491,"-81.12888491,37.98670838",Giles69
79,Spike,2014-02-14T10:00:01,2014-02-14T10:01:20,350,37.970876,-81.241288,"-81.241288,37.970876",Spike79
73,Buffy,2014-02-14T10:00:07,2014-02-14T10:01:20,351,37.88856771,-81.18283566,"-81.18283566,37.88856771",Buffy73
70,Giles,2014-02-14T10:00:10,2014-02-14T10:01:20,352,37.98791894,-81.13042087,"-81.13042087,37.98791894",Giles70
80,Spike,2014-02-14T10:00:01,2014-02-14T10:01:21,353,37.969594,-81.234312,"-81.234312,37.969594",Spike80
74,Buffy,2014-02-14T10:00:07,2014-02-14T10:01:21,354,37.88980938,-81.17554113,"-81.17554113,37.88980938",Buffy74
71,Giles,2014-02-14T10:00:10,2014-02-14T10:01:21,355,37.98912948,-81.12734895,"-81.12734895,37.98912948",Giles71
81,Spike,2014-02-14T10:00:01,2014-02-14T10:01:22,356,37.966191,-81.229365,"-81.229365,37.966191",Spike81
75,Buffy,2014-02-14T10:00:07,2014-02-14T10:01:22,357,37.88834195,-81.17153629,"-81.17153629,37.88834195",Buffy75
72,Giles,2014-02-14T10:00:10,2014-02-14T10:01:22,358,37.98791894,-81.12478903,"-81.12478903,37.98791894",Giles72
82,Spike,2014-02-14T10:00:01,2014-02-14T10:01:23,359,37.964747,-81.214236,"-81.214236,37.964747",Spike82
76,Buffy,2014-02-14T10:00:07,2014-02-14T10:01:23,360,37.89037377,-81.16767449,"-81.16767449,37.89037377",Buffy76
73,Giles,2014-02-14T10:00:10,2014-02-14T10:01:23,361,37.98469074,-81.12683697,"-81.12683697,37.98469074",Giles73
83,Spike,2014-02-14T10:00:01,2014-02-14T10:01:24,362,37.963307,-81.206333,"-81.206333,37.963307",Spike83
77,Buffy,2014-02-14T10:00:07,2014-02-14T10:01:24,363,37.89251841,-81.16166723,"-81.16166723,37.89251841",Buffy77
74,Giles,2014-02-14T10:00:10,2014-02-14T10:01:24,364,37.98368189,-81.13093285,"-81.13093285,37.98368189",Giles74
84,Spike,2014-02-14T10:00:01,2014-02-14T10:01:25,365,37.962788,-81.198705,"-81.198705,37.962788",Spike84
78,Buffy,2014-02-14T10:00:07,2014-02-14T10:01:25,366,37.89940341,-81.15451573,"-81.15451573,37.89940341",Buffy78
75,Giles,2014-02-14T10:00:10,2014-02-14T10:01:25,367,37.98186594,-81.13093285,"-81.13093285,37.98186594",Giles75
85,Spike,2014-02-14T10:00:01,2014-02-14T10:01:26,368,37.963921,-81.184724,"-81.184724,37.963921",Spike85
79,Buffy,2014-02-14T10:00:07,2014-02-14T10:01:26,369,37.89872622,-81.15909269,"-81.15909269,37.89872622",Buffy79
76,Giles,2014-02-14T10:00:10,2014-02-14T10:01:26,370,37.98327835,-81.12530101,"-81.12530101,37.98327835",Giles76
86,Spike,2014-02-14T10:00:01,2014-02-14T10:01:27,371,37.961084,-81.179324,"-81.179324,37.961084",Spike86
80,Buffy,2014-02-14T10:00:07,2014-02-14T10:01:27,372,37.89613029,-81.16338359,"-81.16338359,37.89613029",Buffy80
77,Giles,2014-02-14T10:00:10,2014-02-14T10:01:27,373,37.98751542,-81.12094913,"-81.12094913,37.98751542",Giles77
87,Spike,2014-02-14T10:00:01,2014-02-14T10:01:28,374,37.960868,-81.173229,"-81.173229,37.960868",Spike87
81,Buffy,2014-02-14T10:00:07,2014-02-14T10:01:28,375,37.89398576,-81.16610116,"-81.16610116,37.89398576",Buffy81
78,Giles,2014-02-14T10:00:10,2014-02-14T10:01:28,376,37.9915505,-81.12709296,"-81.12709296,37.9915505",Giles78
88,Spike,2014-02-14T10:00:01,2014-02-14T10:01:29,377,37.958977,-81.16666,"-81.16666,37.958977",Spike88
82,Buffy,2014-02-14T10:00:07,2014-02-14T10:01:29,378,37.89251841,-81.16409874,"-81.16409874,37.89251841",Buffy82
79,Giles,2014-02-14T10:00:10,2014-02-14T10:01:29,379,37.9915505,-81.13349278,"-81.13349278,37.9915505",Giles79
89,Spike,2014-02-14T10:00:01,2014-02-14T10:01:30,380,37.955137,-81.165228,"-81.165228,37.955137",Spike89
83,Buffy,2014-02-14T10:00:07,2014-02-14T10:01:30,381,37.88992226,-81.1615242,"-81.1615242,37.88992226",Buffy83
80,Giles,2014-02-14T10:00:10,2014-02-14T10:01:30,382,37.9963923,-81.13195682,"-81.13195682,37.9963923",Giles80
90,Spike,2014-02-14T10:00:01,2014-02-14T10:01:31,383,37.948827,-81.16439,"-81.16439,37.948827",Spike90
84,Buffy,2014-02-14T10:00:07,2014-02-14T10:01:31,384,37.88687449,-81.16052299,"-81.16052299,37.88687449",Buffy84
81,Giles,2014-02-14T10:00:10,2014-02-14T10:01:31,385,37.99961998,-81.13349278,"-81.13349278,37.99961998",Giles81
91,Spike,2014-02-14T10:00:01,2014-02-14T10:01:32,386,37.944129,-81.163102,"-81.163102,37.944129",Spike91
85,Buffy,2014-02-14T10:00:07,2014-02-14T10:01:32,387,37.88450391,-81.15608906,"-81.15608906,37.88450391",Buffy85
82,Giles,2014-02-14T10:00:10,2014-02-14T10:01:32,388,37.99941826,-81.13707668,"-81.13707668,37.99941826",Giles82
92,Spike,2014-02-14T10:00:01,2014-02-14T10:01:33,389,37.93925,-81.160595,"-81.160595,37.93925",Spike92
86,Buffy,2014-02-14T10:00:07,2014-02-14T10:01:33,390,37.8802141,-81.15093999,"-81.15093999,37.8802141",Buffy86
83,Giles,2014-02-14T10:00:10,2014-02-14T10:01:33,391,37.99789683,-81.14317134,"-81.14317134,37.99789683",Giles83
93,Spike,2014-02-14T10:00:01,2014-02-14T10:01:34,392,37.933612,-81.159467,"-81.159467,37.933612",Spike93
87,Buffy,2014-02-14T10:00:07,2014-02-14T10:01:34,393,37.87852069,-81.14421758,"-81.14421758,37.87852069",Buffy87
84,Giles,2014-02-14T10:00:10,2014-02-14T10:01:34,394,37.9990148,-81.14910833,"-81.14910833,37.9990148",Giles84
94,Spike,2014-02-14T10:00:01,2014-02-14T10:01:35,395,37.92973,-81.157329,"-81.157329,37.92973",Spike94
88,Buffy,2014-02-14T10:00:07,2014-02-14T10:01:35,396,37.87456924,-81.14121395,"-81.14121395,37.87456924",Buffy88
85,Giles,2014-02-14T10:00:10,2014-02-14T10:01:35,397,37.99780443,-81.15269223,"-81.15269223,37.99780443",Giles85
95,Spike,2014-02-14T10:00:01,2014-02-14T10:01:36,398,37.928773,-81.15604,"-81.15604,37.928773",Spike95
89,Buffy,2014-02-14T10:00:07,2014-02-14T10:01:36,399,37.86948849,-81.13935456,"-81.13935456,37.86948849",Buffy89
86,Giles,2014-02-14T10:00:10,2014-02-14T10:01:36,400,37.99498014,-81.15832407,"-81.15832407,37.99498014",Giles86
96,Spike,2014-02-14T10:00:01,2014-02-14T10:01:37,401,37.93198111,-81.15342304,"-81.15342304,37.93198111",Spike96
90,Buffy,2014-02-14T10:00:07,2014-02-14T10:01:37,402,37.86474615,-81.13306125,"-81.13306125,37.86474615",Buffy90
87,Giles,2014-02-14T10:00:10,2014-02-14T10:01:37,403,37.99134875,-81.15627613,"-81.15627613,37.99134875",Giles87
97,Spike,2014-02-14T10:00:01,2014-02-14T10:01:38,404,37.93467638,-81.15342304,"-81.15342304,37.93467638",Spike97
91,Buffy,2014-02-14T10:00:07,2014-02-14T10:01:38,405,37.86440739,-81.12262006,"-81.12262006,37.86440739",Buffy91
88,Giles,2014-02-14T10:00:10,2014-02-14T10:01:38,406,37.98791894,-81.15064429,"-81.15064429,37.98791894",Giles88
98,Spike,2014-02-14T10:00:01,2014-02-14T10:01:39,407,37.93773089,-81.15342304,"-81.15342304,37.93773089",Spike98
92,Buffy,2014-02-14T10:00:07,2014-02-14T10:01:39,408,37.86452031,-81.11575463,"-81.11575463,37.86452031",Buffy92
89,Giles,2014-02-14T10:00:10,2014-02-14T10:01:39,409,37.97984817,-81.14552444,"-81.14552444,37.97984817",Giles89
99,Spike,2014-02-14T10:00:01,2014-02-14T10:01:40,410,37.9411446,-81.15251178,"-81.15251178,37.9411446",Spike99
93,Buffy,2014-02-14T10:00:07,2014-02-14T10:01:40,411,37.86000349,-81.11432433,"-81.11432433,37.86000349",Buffy93
90,Giles,2014-02-14T10:00:10,2014-02-14T10:01:40,412,37.97783033,-81.15064429,"-81.15064429,37.97783033",Giles90
100,Spike,2014-02-14T10:00:01,2014-02-14T10:01:41,413,37.94383953,-81.15160051,"-81.15160051,37.94383953",Spike100
94,Buffy,2014-02-14T10:00:07,2014-02-14T10:01:41,414,37.85593812,-81.11589766,"-81.11589766,37.85593812",Buffy94
91,Giles,2014-02-14T10:00:10,2014-02-14T10:01:41,415,37.97540886,-81.15678812,"-81.15678812,37.97540886",Giles91
101,Spike,2014-02-14T10:00:01,2014-02-14T10:01:42,416,37.94725296,-81.1500058,"-81.1500058,37.94725296",Spike101
95,Buffy,2014-02-14T10:00:07,2014-02-14T10:01:42,417,37.85063021,-81.1184722,"-81.1184722,37.85063021",Buffy95
92,Giles,2014-02-14T10:00:10,2014-02-14T10:01:42,418,37.97722497,-81.16293194,"-81.16293194,37.97722497",Giles92
102,Spike,2014-02-14T10:00:01,2014-02-14T10:01:43,419,37.95066623,-81.14955017,"-81.14955017,37.95066623",Spike102
96,Buffy,2014-02-14T10:00:07,2014-02-14T10:01:43,420,37.8459996,-81.12247703,"-81.12247703,37.8459996",Buffy96
93,Giles,2014-02-14T10:00:10,2014-02-14T10:01:43,421,37.9794446,-81.17009974,"-81.17009974,37.9794446",Giles93
103,Spike,2014-02-14T10:00:01,2014-02-14T10:01:44,422,37.95407935,-81.14977799,"-81.14977799,37.95407935",Spike103
97,Buffy,2014-02-14T10:00:07,2014-02-14T10:01:44,423,37.8436277,-81.11904432,"-81.11904432,37.8436277",Buffy97
94,Giles,2014-02-14T10:00:10,2014-02-14T10:01:44,424,37.98287481,-81.17368363,"-81.17368363,37.98287481",Giles94
104,Spike,2014-02-14T10:00:01,2014-02-14T10:01:45,425,37.95785155,-81.14932236,"-81.14932236,37.95785155",Spike104
98,Buffy,2014-02-14T10:00:07,2014-02-14T10:01:45,426,37.84306296,-81.11046252,"-81.11046252,37.84306296",Buffy98
95,Giles,2014-02-14T10:00:10,2014-02-14T10:01:45,427,37.98650662,-81.17701154,"-81.17701154,37.98650662",Giles95
105,Spike,2014-02-14T10:00:01,2014-02-14T10:01:46,428,37.96180318,-81.14818328,"-81.14818328,37.96180318",Spike105
99,Buffy,2014-02-14T10:00:07,2014-02-14T10:01:46,429,37.84317591,-81.10159467,"-81.10159467,37.84317591",Buffy99
96,Giles,2014-02-14T10:00:10,2014-02-14T10:01:46,430,37.99235749,-81.18213139,"-81.18213139,37.99235749",Giles96
106,Spike,2014-02-14T10:00:01,2014-02-14T10:01:47,431,37.96503617,-81.14818328,"-81.14818328,37.96503617",Spike106
100,Buffy,2014-02-14T10:00:07,2014-02-14T10:01:47,432,37.8443054,-81.09587347,"-81.09587347,37.8443054",Buffy100
97,Giles,2014-02-14T10:00:10,2014-02-14T10:01:47,433,37.99598883,-81.18469132,"-81.18469132,37.99598883",Giles97
107,Spike,2014-02-14T10:00:01,2014-02-14T10:01:48,434,37.9693466,-81.1484111,"-81.1484111,37.9693466",Spike107
101,Buffy,2014-02-14T10:00:07,2014-02-14T10:01:48,435,37.84848435,-81.09358499,"-81.09358499,37.84848435",Buffy101
98,Giles,2014-02-14T10:00:10,2014-02-14T10:01:48,436,37.99861135,-81.18827522,"-81.18827522,37.99861135",Giles98
108,Spike,2014-02-14T10:00:01,2014-02-14T10:01:49,437,37.97239967,-81.14613294,"-81.14613294,37.97239967",Spike108
102,Buffy,2014-02-14T10:00:07,2014-02-14T10:01:49,438,37.84938788,-81.08443108,"-81.08443108,37.84938788",Buffy102
99,Giles,2014-02-14T10:00:10,2014-02-14T10:01:49,439,38.00022516,-81.19390706,"-81.19390706,38.00022516",Giles99
109,Spike,2014-02-14T10:00:01,2014-02-14T10:01:50,440,37.97455471,-81.14248789,"-81.14248789,37.97455471",Spike109
103,Buffy,2014-02-14T10:00:07,2014-02-14T10:01:50,441,37.85153371,-81.07770867,"-81.07770867,37.85153371",Buffy103
100,Giles,2014-02-14T10:00:10,2014-02-14T10:01:50,442,38.00083033,-81.19851493,"-81.19851493,38.00083033",Giles100
110,Spike,2014-02-14T10:00:01,2014-02-14T10:01:51,443,37.97760756,-81.14020974,"-81.14020974,37.97760756",Spike110
104,Buffy,2014-02-14T10:00:07,2014-02-14T10:01:51,444,37.85322775,-81.07127233,"-81.07127233,37.85322775",Buffy104
101,Giles,2014-02-14T10:00:10,2014-02-14T10:01:51,445,38.00506639,-81.20005088,"-81.20005088,38.00506639",Giles101
111,Spike,2014-02-14T10:00:01,2014-02-14T10:01:52,446,37.98209682,-81.14362697,"-81.14362697,37.98209682",Spike111
105,Buffy,2014-02-14T10:00:07,2014-02-14T10:01:52,447,37.85627691,-81.06726749,"-81.06726749,37.85627691",Buffy105
102,Giles,2014-02-14T10:00:10,2014-02-14T10:01:52,448,38.01051238,-81.20209883,"-81.20209883,38.01051238",Giles102
112,Spike,2014-02-14T10:00:01,2014-02-14T10:01:53,449,37.9865858,-81.1440826,"-81.1440826,37.9865858",Spike112
106,Buffy,2014-02-14T10:00:07,2014-02-14T10:01:53,450,37.85605105,-81.06240447,"-81.06240447,37.85605105",Buffy106
103,Giles,2014-02-14T10:00:10,2014-02-14T10:01:53,451,38.01434451,-81.20440276,"-81.20440276,38.01434451",Giles103
113,Spike,2014-02-14T10:00:01,2014-02-14T10:01:54,452,37.99125406,-81.1440826,"-81.1440826,37.99125406",Spike113
107,Buffy,2014-02-14T10:00:07,2014-02-14T10:01:54,453,37.85819669,-81.05553904,"-81.05553904,37.85819669",Buffy107
104,Giles,2014-02-14T10:00:10,2014-02-14T10:01:54,454,38.01736973,-81.20849864,"-81.20849864,38.01736973",Giles104
114,Spike,2014-02-14T10:00:01,2014-02-14T10:01:55,455,37.99789683,-81.14317134,"-81.14317134,37.99789683",Spike114
108,Buffy,2014-02-14T10:00:07,2014-02-14T10:01:55,456,37.85943887,-81.04996087,"-81.04996087,37.85943887",Buffy108
105,Giles,2014-02-14T10:00:10,2014-02-14T10:01:55,457,38.01978982,-81.21285052,"-81.21285052,38.01978982",Giles105
115,Spike,2014-02-14T10:00:01,2014-02-14T10:01:56,458,38.00166678,-81.14294352,"-81.14294352,38.00166678",Spike115
109,Buffy,2014-02-14T10:00:07,2014-02-14T10:01:56,459,37.85435708,-81.04423968,"-81.04423968,37.85435708",Buffy109
106,Giles,2014-02-14T10:00:10,2014-02-14T10:01:56,460,38.02019316,-81.22001832,"-81.22001832,38.02019316",Giles106
116,Spike,2014-02-14T10:00:01,2014-02-14T10:01:57,461,38.00507753,-81.13793158,"-81.13793158,38.00507753",Spike116
110,Buffy,2014-02-14T10:00:07,2014-02-14T10:01:57,462,37.85142077,-81.0376603,"-81.0376603,37.85142077",Buffy110
107,Giles,2014-02-14T10:00:10,2014-02-14T10:01:57,463,38.01999149,-81.22539416,"-81.22539416,38.01999149",Giles107
117,Spike,2014-02-14T10:00:01,2014-02-14T10:01:58,464,38.0074111,-81.13223619,"-81.13223619,38.0074111",Spike117
111,Buffy,2014-02-14T10:00:07,2014-02-14T10:01:58,465,37.84995258,-81.03093789,"-81.03093789,37.84995258",Buffy111
108,Giles,2014-02-14T10:00:10,2014-02-14T10:01:58,466,38.01898313,-81.231026,"-81.231026,38.01898313",Giles108
118,Spike,2014-02-14T10:00:01,2014-02-14T10:01:59,467,38.00956511,-81.12836333,"-81.12836333,38.00956511",Spike118
112,Buffy,2014-02-14T10:00:07,2014-02-14T10:01:59,468,37.8551476,-81.02078277,"-81.02078277,37.8551476",Buffy112
109,Giles,2014-02-14T10:00:10,2014-02-14T10:01:59,469,38.01676469,-81.23665784,"-81.23665784,38.01676469",Giles109
119,Spike,2014-02-14T10:00:01,2014-02-14T10:02:00,470,38.01333446,-81.12426265,"-81.12426265,38.01333446",Spike119
113,Buffy,2014-02-14T10:00:07,2014-02-14T10:02:00,471,37.85726435,-81.00600804,"-81.00600804,37.85726435",Buffy113
110,Giles,2014-02-14T10:00:10,2014-02-14T10:02:00,472,38.01837811,-81.23972976,"-81.23972976,38.01837811",Giles110
120,Spike,2014-02-14T10:00:01,2014-02-14T10:02:01,473,38.01732,-81.123347,"-81.123347,38.01732",Spike120
114,Buffy,2014-02-14T10:00:07,2014-02-14T10:02:01,474,37.86092562,-80.985913,"-80.985913,37.86092562",Buffy114
111,Giles,2014-02-14T10:00:10,2014-02-14T10:02:01,475,38.02079816,-81.24587358,"-81.24587358,38.02079816",Giles111
121,Spike,2014-02-14T10:00:01,2014-02-14T10:02:02,476,38.02410297,-81.12312357,"-81.12312357,38.02410297",Spike121
115,Buffy,2014-02-14T10:00:07,2014-02-14T10:02:02,477,37.85665412,-80.97238749,"-80.97238749,37.85665412",Buffy115
112,Giles,2014-02-14T10:00:10,2014-02-14T10:02:02,478,38.02079816,-81.25124943,"-81.25124943,38.02079816",Giles112
122,Spike,2014-02-14T10:00:01,2014-02-14T10:02:03,479,38.03092222,-81.12266794,"-81.12266794,38.03092222",Spike122
116,Buffy,2014-02-14T10:00:07,2014-02-14T10:02:03,480,37.85707205,-80.96845864,"-80.96845864,37.85707205",Buffy116
113,Giles,2014-02-14T10:00:10,2014-02-14T10:02:03,481,38.01978982,-81.25636928,"-81.25636928,38.01978982",Giles113
123,Spike,2014-02-14T10:00:01,2014-02-14T10:02:04,482,38.03953509,-81.12266794,"-81.12266794,38.03953509",Spike123
117,Buffy,2014-02-14T10:00:07,2014-02-14T10:02:04,483,37.8551306,-80.96408724,"-80.96408724,37.8551306",Buffy117
114,Giles,2014-02-14T10:00:10,2014-02-14T10:02:04,484,38.0212015,-81.26251311,"-81.26251311,38.0212015",Giles114
124,Spike,2014-02-14T10:00:01,2014-02-14T10:02:05,485,38.04545585,-81.1219845,"-81.1219845,38.04545585",Spike124
118,Buffy,2014-02-14T10:00:07,2014-02-14T10:02:05,486,37.85433963,-80.9629944,"-80.9629944,37.85433963",Buffy118
115,Giles,2014-02-14T10:00:10,2014-02-14T10:02:05,487,38.02382312,-81.26558502,"-81.26558502,38.02382312",Giles115
125,Spike,2014-02-14T10:00:01,2014-02-14T10:02:06,488,38.04994095,-81.11856726,"-81.11856726,38.04994095",Spike125
119,Buffy,2014-02-14T10:00:07,2014-02-14T10:02:06,489,37.8462856,-80.95680158,"-80.95680158,37.8462856",Buffy119
116,Giles,2014-02-14T10:00:10,2014-02-14T10:02:06,490,38.02684795,-81.26891293,"-81.26891293,38.02684795",Giles116
126,Spike,2014-02-14T10:00:01,2014-02-14T10:02:07,491,38.05263189,-81.11378314,"-81.11378314,38.05263189",Spike126
120,Buffy,2014-02-14T10:00:07,2014-02-14T10:02:07,492,37.8472924,-80.94824092,"-80.94824092,37.8472924",Buffy120
117,Giles,2014-02-14T10:00:10,2014-02-14T10:02:07,493,38.03128414,-81.26942491,"-81.26942491,38.03128414",Giles117
127,Spike,2014-02-14T10:00:01,2014-02-14T10:02:08,494,38.05586087,-81.10785993,"-81.10785993,38.05586087",Spike127
121,Buffy,2014-02-14T10:00:07,2014-02-14T10:02:08,495,37.84571027,-80.94195704,"-80.94195704,37.84571027",Buffy121
118,Giles,2014-02-14T10:00:10,2014-02-14T10:02:08,496,38.03491355,-81.27070487,"-81.27070487,38.03491355",Giles118
128,Spike,2014-02-14T10:00:01,2014-02-14T10:02:09,497,38.05855159,-81.10239236,"-81.10239236,38.05855159",Spike128
122,Buffy,2014-02-14T10:00:07,2014-02-14T10:02:09,498,37.84398428,-80.92674822,"-80.92674822,37.84398428",Buffy122
119,Giles,2014-02-14T10:00:10,2014-02-14T10:02:09,499,38.04438949,-81.2696809,"-81.2696809,38.04438949",Giles119
129,Spike,2014-02-14T10:00:01,2014-02-14T10:02:10,500,38.06142157,-81.09624134,"-81.09624134,38.06142157",Spike129
123,Buffy,2014-02-14T10:00:07,2014-02-14T10:02:10,501,37.83794299,-80.91882506,"-80.91882506,37.83794299",Buffy123
120,Giles,2014-02-14T10:00:10,2014-02-14T10:02:10,502,38.04942939,-81.26865693,"-81.26865693,38.04942939",Giles120
130,Spike,2014-02-14T10:00:01,2014-02-14T10:02:11,503,38.0650089,-81.08940688,"-81.08940688,38.0650089",Spike130
124,Buffy,2014-02-14T10:00:07,2014-02-14T10:02:11,504,37.83161349,-80.90070197,"-80.90070197,37.83161349",Buffy124
121,Giles,2014-02-14T10:00:10,2014-02-14T10:02:11,505,38.0562831,-81.26532903,"-81.26532903,38.0562831",Giles121
131,Spike,2014-02-14T10:00:01,2014-02-14T10:02:12,506,38.0687754,-81.08302804,"-81.08302804,38.0687754",Spike131
125,Buffy,2014-02-14T10:00:07,2014-02-14T10:02:12,507,37.82212835,-80.90604256,"-80.90604256,37.82212835",Buffy125
122,Giles,2014-02-14T10:00:10,2014-02-14T10:02:12,508,38.06051595,-81.26379307,"-81.26379307,38.06051595",Giles122
132,Spike,2014-02-14T10:00:01,2014-02-14T10:02:13,509,38.07182433,-81.07642139,"-81.07642139,38.07182433",Spike132
126,Buffy,2014-02-14T10:00:07,2014-02-14T10:02:13,510,37.81997989,-80.89576772,"-80.89576772,37.81997989",Buffy126
123,Giles,2014-02-14T10:00:10,2014-02-14T10:02:13,511,38.06474855,-81.26046517,"-81.26046517,38.06474855",Giles123
133,Spike,2014-02-14T10:00:01,2014-02-14T10:02:14,512,38.07612849,-81.07095382,"-81.07095382,38.07612849",Spike133
127,Buffy,2014-02-14T10:00:07,2014-02-14T10:02:14,513,37.81138543,-80.88821269,"-80.88821269,37.81138543",Buffy127
134,Spike,2014-02-14T10:00:01,2014-02-14T10:02:15,514,38.07971509,-81.06662532,"-81.06662532,38.07971509",Spike134
128,Buffy,2014-02-14T10:00:07,2014-02-14T10:02:15,515,37.7860737,-80.87975106,"-80.87975106,37.7860737",Buffy128
135,Spike,2014-02-14T10:00:01,2014-02-14T10:02:16,516,38.0831222,-81.06161338,"-81.06161338,38.0831222",Spike135
129,Buffy,2014-02-14T10:00:07,2014-02-14T10:02:16,517,37.78249115,-80.90936677,"-80.90936677,37.78249115",Buffy129
136,Spike,2014-02-14T10:00:01,2014-02-14T10:02:17,518,38.08688777,-81.05637362,"-81.05637362,38.08688777",Spike136
130,Buffy,2014-02-14T10:00:07,2014-02-14T10:02:17,519,37.77914729,-80.93626268,"-80.93626268,37.77914729",Buffy130
137,Spike,2014-02-14T10:00:01,2014-02-14T10:02:18,520,38.08993595,-81.05227294,"-81.05227294,38.08993595",Spike137
131,Buffy,2014-02-14T10:00:07,2014-02-14T10:02:18,521,37.78177462,-80.96285638,"-80.96285638,37.78177462",Buffy131
138,Spike,2014-02-14T10:00:01,2014-02-14T10:02:19,522,38.09298399,-81.047261,"-81.047261,38.09298399",Spike138
132,Buffy,2014-02-14T10:00:07,2014-02-14T10:02:19,523,37.77102583,-80.98310385,"-80.98310385,37.77102583",Buffy132
139,Spike,2014-02-14T10:00:01,2014-02-14T10:02:20,524,38.09567334,-81.04156562,"-81.04156562,38.09567334",Spike139
133,Buffy,2014-02-14T10:00:07,2014-02-14T10:02:20,525,37.7660092,-81.01785699,"-81.01785699,37.7660092",Buffy133
140,Spike,2014-02-14T10:00:01,2014-02-14T10:02:21,526,38.09764547,-81.03381989,"-81.03381989,38.09764547",Spike140
134,Buffy,2014-02-14T10:00:07,2014-02-14T10:02:21,527,37.77150359,-81.04898371,"-81.04898371,37.77150359",Buffy134
141,Spike,2014-02-14T10:00:01,2014-02-14T10:02:22,528,38.09907971,-81.02766887,"-81.02766887,38.09907971",Spike141
135,Buffy,2014-02-14T10:00:07,2014-02-14T10:02:22,529,37.77341459,-81.08131923,"-81.08131923,37.77341459",Buffy135
142,Spike,2014-02-14T10:00:01,2014-02-14T10:02:23,530,38.10087247,-81.02356819,"-81.02356819,38.10087247",Spike142
136,Buffy,2014-02-14T10:00:07,2014-02-14T10:02:23,531,37.77198134,-81.10609972,"-81.10609972,37.77198134",Buffy136
143,Spike,2014-02-14T10:00:01,2014-02-14T10:02:24,532,38.10392006,-81.02037877,"-81.02037877,38.10392006",Spike143
137,Buffy,2014-02-14T10:00:07,2014-02-14T10:02:24,533,37.7657703,-81.12846261,"-81.12846261,37.7657703",Buffy137
144,Spike,2014-02-14T10:00:01,2014-02-14T10:02:25,534,38.10714679,-81.01878406,"-81.01878406,38.10714679",Spike144
138,Buffy,2014-02-14T10:00:07,2014-02-14T10:02:25,535,37.76242568,-81.14750128,"-81.14750128,37.76242568",Buffy138
145,Spike,2014-02-14T10:00:01,2014-02-14T10:02:26,536,38.11162811,-81.0149112,"-81.0149112,38.11162811",Spike145
139,Buffy,2014-02-14T10:00:07,2014-02-14T10:02:26,537,37.74856776,-81.15807832,"-81.15807832,37.74856776",Buffy139
146,Spike,2014-02-14T10:00:01,2014-02-14T10:02:27,538,38.11467525,-81.01035489,"-81.01035489,38.11467525",Spike146
140,Buffy,2014-02-14T10:00:07,2014-02-14T10:02:27,539,37.73733617,-81.1789302,"-81.1789302,37.73733617",Buffy140
147,Spike,2014-02-14T10:00:01,2014-02-14T10:02:28,540,38.1162884,-81.00625421,"-81.00625421,38.1162884",Spike147
141,Buffy,2014-02-14T10:00:07,2014-02-14T10:02:28,541,37.72968815,-81.19313365,"-81.19313365,37.72968815",Buffy141
148,Spike,2014-02-14T10:00:01,2014-02-14T10:02:29,542,38.11449601,-81.00329261,"-81.00329261,38.11449601",Spike148
142,Buffy,2014-02-14T10:00:07,2014-02-14T10:02:29,543,37.71990775,-81.1791851,"-81.1791851,37.71990775",Buffy142
149,Spike,2014-02-14T10:00:01,2014-02-14T10:02:30,544,38.11162811,-81.00010319,"-81.00010319,38.11162811",Spike149
143,Buffy,2014-02-14T10:00:07,2014-02-14T10:02:30,545,37.70888802,-81.15287258,"-81.15287258,37.70888802",Buffy143
150,Spike,2014-02-14T10:00:01,2014-02-14T10:02:31,546,38.10947711,-80.99531906,"-80.99531906,38.10947711",Spike150
144,Buffy,2014-02-14T10:00:07,2014-02-14T10:02:31,547,37.68684365,-81.13739462,"-81.13739462,37.68684365",Buffy144
151,Spike,2014-02-14T10:00:01,2014-02-14T10:02:32,548,38.10589197,-80.99212965,"-80.99212965,38.10589197",Spike151
145,Buffy,2014-02-14T10:00:07,2014-02-14T10:02:32,549,37.66969349,-81.12036887,"-81.12036887,37.66969349",Buffy145
152,Spike,2014-02-14T10:00:01,2014-02-14T10:02:33,550,38.09907971,-80.99007931,"-80.99007931,38.09907971",Spike152
146,Buffy,2014-02-14T10:00:07,2014-02-14T10:02:33,551,37.64886298,-81.11417769,"-81.11417769,37.64886298",Buffy146
153,Spike,2014-02-14T10:00:01,2014-02-14T10:02:34,552,38.09388045,-80.98894023,"-80.98894023,38.09388045",Spike153
147,Buffy,2014-02-14T10:00:07,2014-02-14T10:02:34,553,37.624349,-81.12036887,"-81.12036887,37.624349",Buffy147
154,Spike,2014-02-14T10:00:01,2014-02-14T10:02:35,554,38.08957734,-80.98757334,"-80.98757334,38.08957734",Spike154
148,Buffy,2014-02-14T10:00:07,2014-02-14T10:02:35,555,37.59982694,-81.12965564,"-81.12965564,37.59982694",Buffy148
155,Spike,2014-02-14T10:00:01,2014-02-14T10:02:36,556,38.08581191,-80.98597863,"-80.98597863,38.08581191",Spike155
149,Buffy,2014-02-14T10:00:07,2014-02-14T10:02:36,557,37.58020347,-81.12036887,"-81.12036887,37.58020347",Buffy149
156,Spike,2014-02-14T10:00:01,2014-02-14T10:02:37,558,38.08079104,-80.9841561,"-80.9841561,38.08079104",Spike156
150,Buffy,2014-02-14T10:00:07,2014-02-14T10:02:37,559,37.55321275,-81.11417769,"-81.11417769,37.55321275",Buffy150
157,Spike,2014-02-14T10:00:01,2014-02-14T10:02:38,560,38.07648716,-80.98210576,"-80.98210576,38.07648716",Spike157
151,Buffy,2014-02-14T10:00:07,2014-02-14T10:02:38,561,37.52743977,-81.11417769,"-81.11417769,37.52743977",Buffy151
158,Spike,2014-02-14T10:00:01,2014-02-14T10:02:39,562,38.07290039,-80.98028324,"-80.98028324,38.07290039",Spike158
152,Buffy,2014-02-14T10:00:07,2014-02-14T10:02:39,563,37.50656939,-81.11262989,"-81.11262989,37.50656939",Buffy152
159,Spike,2014-02-14T10:00:01,2014-02-14T10:02:40,564,38.06769928,-80.97641038,"-80.97641038,38.06769928",Spike159
153,Buffy,2014-02-14T10:00:07,2014-02-14T10:02:40,565,37.49428998,-81.10179533,"-81.10179533,37.49428998",Buffy153
160,Spike,2014-02-14T10:00:01,2014-02-14T10:02:41,566,38.06536762,-80.97299314,"-80.97299314,38.06536762",Spike160
154,Buffy,2014-02-14T10:00:07,2014-02-14T10:02:41,567,37.48200854,-81.0770306,"-81.0770306,37.48200854",Buffy154
161,Spike,2014-02-14T10:00:01,2014-02-14T10:02:42,568,38.06536762,-80.96889246,"-80.96889246,38.06536762",Spike161
155,Buffy,2014-02-14T10:00:07,2014-02-14T10:02:42,569,37.46603966,-81.06929162,"-81.06929162,37.46603966",Buffy155
162,Spike,2014-02-14T10:00:01,2014-02-14T10:02:43,570,38.06375336,-80.96638649,"-80.96638649,38.06375336",Spike162
156,Buffy,2014-02-14T10:00:07,2014-02-14T10:02:43,571,37.44023656,-81.07083942,"-81.07083942,37.44023656",Buffy156
163,Spike,2014-02-14T10:00:01,2014-02-14T10:02:44,572,38.05944847,-80.96524741,"-80.96524741,38.05944847",Spike163
157,Buffy,2014-02-14T10:00:07,2014-02-14T10:02:44,573,37.42302955,-81.06774383,"-81.06774383,37.42302955",Buffy157
164,Spike,2014-02-14T10:00:01,2014-02-14T10:02:45,574,38.05532272,-80.962058,"-80.962058,38.05532272",Spike164
158,Buffy,2014-02-14T10:00:07,2014-02-14T10:02:45,575,37.39475231,-81.06000485,"-81.06000485,37.39475231",Buffy158
165,Spike,2014-02-14T10:00:01,2014-02-14T10:02:46,576,38.05209371,-80.95795732,"-80.95795732,38.05209371",Spike165
159,Buffy,2014-02-14T10:00:07,2014-02-14T10:02:46,577,37.37630488,-81.07083942,"-81.07083942,37.37630488",Buffy159
166,Spike,2014-02-14T10:00:01,2014-02-14T10:02:47,578,38.05012035,-80.95431227,"-80.95431227,38.05012035",Spike166
160,Buffy,2014-02-14T10:00:07,2014-02-14T10:02:47,579,37.36257588,-81.0760259,"-81.0760259,37.36257588",Buffy160
167,Spike,2014-02-14T10:00:01,2014-02-14T10:02:48,580,38.04904395,-80.94816125,"-80.94816125,38.04904395",Spike167
161,Buffy,2014-02-14T10:00:07,2014-02-14T10:02:48,581,37.36829053,-81.10755223,"-81.10755223,37.36829053",Buffy161
168,Spike,2014-02-14T10:00:01,2014-02-14T10:02:49,582,38.048627,-80.942005,"-80.942005,38.048627",Spike168
162,Buffy,2014-02-14T10:00:07,2014-02-14T10:02:49,583,37.34924043,-81.11727328,"-81.11727328,37.34924043",Buffy162
169,Spike,2014-02-14T10:00:01,2014-02-14T10:02:50,584,38.04868515,-80.93631484,"-80.93631484,38.04868515",Spike169
163,Buffy,2014-02-14T10:00:07,2014-02-14T10:02:50,585,37.33078181,-81.13275124,"-81.13275124,37.33078181",Buffy163
170,Spike,2014-02-14T10:00:01,2014-02-14T10:02:51,586,38.05083794,-80.93153072,"-80.93153072,38.05083794",Spike170
164,Buffy,2014-02-14T10:00:07,2014-02-14T10:02:51,587,37.30985655,-81.14049021,"-81.14049021,37.30985655",Buffy164
171,Spike,2014-02-14T10:00:01,2014-02-14T10:02:52,588,38.04778814,-80.92697441,"-80.92697441,38.04778814",Spike171
165,Buffy,2014-02-14T10:00:07,2014-02-14T10:02:52,589,37.29348087,-81.15498025,"-81.15498025,37.29348087",Buffy165
172,Spike,2014-02-14T10:00:01,2014-02-14T10:02:53,590,38.0433029,-80.9240128,"-80.9240128,38.0433029",Spike172
166,Buffy,2014-02-14T10:00:07,2014-02-14T10:02:53,591,37.27784195,-81.18228069,"-81.18228069,37.27784195",Buffy166
173,Spike,2014-02-14T10:00:01,2014-02-14T10:02:54,592,38.03845853,-80.92173465,"-80.92173465,38.03845853",Spike173
167,Buffy,2014-02-14T10:00:07,2014-02-14T10:02:54,593,37.27168373,-81.20704542,"-81.20704542,37.27168373",Buffy167
174,Spike,2014-02-14T10:00:01,2014-02-14T10:02:55,594,38.03486991,-80.9180896,"-80.9180896,38.03486991",Spike174
168,Buffy,2014-02-14T10:00:07,2014-02-14T10:02:55,595,37.26552501,-81.23335794,"-81.23335794,37.26552501",Buffy168
175,Spike,2014-02-14T10:00:01,2014-02-14T10:02:56,596,38.02984554,-80.91581145,"-80.91581145,38.02984554",Spike175
169,Buffy,2014-02-14T10:00:07,2014-02-14T10:02:56,597,37.27291542,-81.2457403,"-81.2457403,37.27291542",Buffy169
176,Spike,2014-02-14T10:00:01,2014-02-14T10:02:57,598,38.02464136,-80.91558363,"-80.91558363,38.02464136",Spike176
170,Buffy,2014-02-14T10:00:07,2014-02-14T10:02:57,599,37.29877612,-81.25657487,"-81.25657487,37.29877612",Buffy170
177,Spike,2014-02-14T10:00:01,2014-02-14T10:02:58,600,38.02051365,-80.91330547,"-80.91330547,38.02051365",Spike177
171,Buffy,2014-02-14T10:00:07,2014-02-14T10:02:58,601,37.31601165,-81.26431385,"-81.26431385,37.31601165",Buffy171
178,Spike,2014-02-14T10:00:01,2014-02-14T10:02:59,602,38.01602674,-80.90715446,"-80.90715446,38.01602674",Spike178
172,Buffy,2014-02-14T10:00:07,2014-02-14T10:02:59,603,37.32339709,-81.28288739,"-81.28288739,37.32339709",Buffy172
179,Spike,2014-02-14T10:00:01,2014-02-14T10:03:00,604,38.01494984,-80.90123125,"-80.90123125,38.01494984",Spike179
173,Buffy,2014-02-14T10:00:07,2014-02-14T10:03:00,605,37.32708954,-81.30300873,"-81.30300873,37.32708954",Buffy173
180,Spike,2014-02-14T10:00:01,2014-02-14T10:03:01,606,38.01153955,-80.89325771,"-80.89325771,38.01153955",Spike180
174,Buffy,2014-02-14T10:00:07,2014-02-14T10:03:01,607,37.34308806,-81.3153911,"-81.3153911,37.34308806",Buffy174
181,Spike,2014-02-14T10:00:01,2014-02-14T10:03:02,608,38.01118057,-80.88619543,"-80.88619543,38.01118057",Spike181
182,Spike,2014-02-14T10:00:01,2014-02-14T10:03:03,609,38.008719,-80.879874,"-80.879874,38.008719",Spike182
183,Spike,2014-02-14T10:00:01,2014-02-14T10:03:04,610,38.00238485,-80.87936096,"-80.87936096,38.00238485",Spike183
184,Spike,2014-02-14T10:00:01,2014-02-14T10:03:05,611,37.99825588,-80.87685499,"-80.87685499,37.99825588",Spike184
185,Spike,2014-02-14T10:00:01,2014-02-14T10:03:06,612,37.99699919,-80.8711596,"-80.8711596,37.99699919",Spike185
186,Spike,2014-02-14T10:00:01,2014-02-14T10:03:07,613,37.99412668,-80.86683111,"-80.86683111,37.99412668",Spike186
187,Spike,2014-02-14T10:00:01,2014-02-14T10:03:08,614,37.98999725,-80.86068009,"-80.86068009,37.98999725",Spike187
188,Spike,2014-02-14T10:00:01,2014-02-14T10:03:09,615,37.98604714,-80.85225091,"-80.85225091,37.98604714",Spike188
189,Spike,2014-02-14T10:00:01,2014-02-14T10:03:10,616,37.98550847,-80.84541645,"-80.84541645,37.98550847",Spike189
190,Spike,2014-02-14T10:00:01,2014-02-14T10:03:11,617,37.984091,-80.840013,"-80.840013,37.984091",Spike190
191,Spike,2014-02-14T10:00:01,2014-02-14T10:03:12,618,37.98227638,-80.83357004,"-80.83357004,37.98227638",Spike191
192,Spike,2014-02-14T10:00:01,2014-02-14T10:03:13,619,37.97724841,-80.8285581,"-80.8285581,37.97724841",Spike192
193,Spike,2014-02-14T10:00:01,2014-02-14T10:03:14,620,37.97617094,-80.82035674,"-80.82035674,37.97617094",Spike193
194,Spike,2014-02-14T10:00:01,2014-02-14T10:03:15,621,37.97222008,-80.81557261,"-80.81557261,37.97222008",Spike194
195,Spike,2014-02-14T10:00:01,2014-02-14T10:03:16,622,37.96988539,-80.80964941,"-80.80964941,37.96988539",Spike195
196,Spike,2014-02-14T10:00:01,2014-02-14T10:03:17,623,37.96467696,-80.80828252,"-80.80828252,37.96467696",Spike196
197,Spike,2014-02-14T10:00:01,2014-02-14T10:03:18,624,37.96467696,-80.8021315,"-80.8021315,37.96467696",Spike197
198,Spike,2014-02-14T10:00:01,2014-02-14T10:03:19,625,37.9659342,-80.79552485,"-80.79552485,37.9659342",Spike198
199,Spike,2014-02-14T10:00:01,2014-02-14T10:03:20,626,37.96808942,-80.78823475,"-80.78823475,37.96808942",Spike199
200,Spike,2014-02-14T10:00:01,2014-02-14T10:03:21,627,37.96790982,-80.77843868,"-80.77843868,37.96790982",Spike200
201,Spike,2014-02-14T10:00:01,2014-02-14T10:03:22,628,37.96790982,-80.77160422,"-80.77160422,37.96790982",Spike201
202,Spike,2014-02-14T10:00:01,2014-02-14T10:03:23,629,37.97007,-80.764677,"-80.764677,37.97007",Spike202
203,Spike,2014-02-14T10:00:01,2014-02-14T10:03:24,630,37.97591797,-80.75821263,"-80.75821263,37.97591797",Spike203
204,Spike,2014-02-14T10:00:01,2014-02-14T10:03:25,631,37.98213273,-80.7536134,"-80.7536134,37.98213273",Spike204
205,Spike,2014-02-14T10:00:01,2014-02-14T10:03:26,632,37.98679346,-80.7477001,"-80.7477001,37.98679346",Spike205
206,Spike,2014-02-14T10:00:01,2014-02-14T10:03:27,633,37.99611404,-80.7496712,"-80.7496712,37.99611404",Spike206
207,Spike,2014-02-14T10:00:01,2014-02-14T10:03:28,634,38.00388027,-80.75098526,"-80.75098526,38.00388027",Spike207
208,Spike,2014-02-14T10:00:01,2014-02-14T10:03:29,635,38.00543342,-80.74244383,"-80.74244383,38.00543342",Spike208
209,Spike,2014-02-14T10:00:01,2014-02-14T10:03:30,636,37.99973838,-80.73455943,"-80.73455943,37.99973838",Spike209
210,Spike,2014-02-14T10:00:01,2014-02-14T10:03:31,637,37.99093609,-80.73258833,"-80.73258833,37.99093609",Spike210
211,Spike,2014-02-14T10:00:01,2014-02-14T10:03:32,638,37.985542,-80.723444,"-80.723444,37.985542",Spike211
212,Spike,2014-02-14T10:00:01,2014-02-14T10:03:33,639,37.97488212,-80.70827811,"-80.70827811,37.97488212",Spike212
213,Spike,2014-02-14T10:00:01,2014-02-14T10:03:34,640,37.96659483,-80.70105074,"-80.70105074,37.96659483",Spike213
214,Spike,2014-02-14T10:00:01,2014-02-14T10:03:35,641,37.96348685,-80.68922414,"-80.68922414,37.96348685",Spike214
215,Spike,2014-02-14T10:00:01,2014-02-14T10:03:36,642,37.9562344,-80.68068271,"-80.68068271,37.9562344",Spike215
216,Spike,2014-02-14T10:00:01,2014-02-14T10:03:37,643,37.95416214,-80.66951315,"-80.66951315,37.95416214",Spike216
217,Spike,2014-02-14T10:00:01,2014-02-14T10:03:38,644,37.94949934,-80.65505842,"-80.65505842,37.94949934",Spike217
218,Spike,2014-02-14T10:00:01,2014-02-14T10:03:39,645,37.929217,-80.650429,"-80.650429,37.929217",Spike218
219,Spike,2014-02-14T10:00:01,2014-02-14T10:03:40,646,37.91477806,-80.63928962,"-80.63928962,37.91477806",Spike219
220,Spike,2014-02-14T10:00:01,2014-02-14T10:03:41,647,37.90441033,-80.63337632,"-80.63337632,37.90441033",Spike220
221,Spike,2014-02-14T10:00:01,2014-02-14T10:03:42,648,37.90648399,-80.61760753,"-80.61760753,37.90648399",Spike221
222,Spike,2014-02-14T10:00:01,2014-02-14T10:03:43,649,37.90596558,-80.60972313,"-80.60972313,37.90596558",Spike222
223,Spike,2014-02-14T10:00:01,2014-02-14T10:03:44,650,37.90337347,-80.60249576,"-80.60249576,37.90337347",Spike223
224,Spike,2014-02-14T10:00:01,2014-02-14T10:03:45,651,37.90078128,-80.5932973,"-80.5932973,37.90078128",Spike224
225,Spike,2014-02-14T10:00:01,2014-02-14T10:03:46,652,37.89248563,-80.5834418,"-80.5834418,37.89248563",Spike225
226,Spike,2014-02-14T10:00:01,2014-02-14T10:03:47,653,37.8831519,-80.5735863,"-80.5735863,37.8831519",Spike226
227,Spike,2014-02-14T10:00:01,2014-02-14T10:03:48,654,37.875836,-80.565053,"-80.565053,37.875836",Spike227
228,Spike,2014-02-14T10:00:01,2014-02-14T10:03:49,655,37.86759307,-80.55190421,"-80.55190421,37.86759307",Spike228
229,Spike,2014-02-14T10:00:01,2014-02-14T10:03:50,656,37.86240606,-80.53613541,"-80.53613541,37.86240606",Spike229
230,Spike,2014-02-14T10:00:01,2014-02-14T10:03:51,657,37.85825619,-80.52102365,"-80.52102365,37.85825619",Spike230
231,Spike,2014-02-14T10:00:01,2014-02-14T10:03:52,658,37.85462486,-80.51116815,"-80.51116815,37.85462486",Spike231
232,Spike,2014-02-14T10:00:01,2014-02-14T10:03:53,659,37.85151215,-80.49802749,"-80.49802749,37.85151215",Spike232
233,Spike,2014-02-14T10:00:01,2014-02-14T10:03:54,660,37.84788049,-80.48291572,"-80.48291572,37.84788049",Spike233
234,Spike,2014-02-14T10:00:01,2014-02-14T10:03:55,661,37.84061663,-80.46780396,"-80.46780396,37.84061663",Spike234
235,Spike,2014-02-14T10:00:01,2014-02-14T10:03:56,662,37.8343899,-80.45991956,"-80.45991956,37.8343899",Spike235
236,Spike,2014-02-14T10:00:01,2014-02-14T10:03:57,663,37.82608677,-80.45137813,"-80.45137813,37.82608677",Spike236
237,Spike,2014-02-14T10:00:01,2014-02-14T10:03:58,664,37.82141585,-80.43758044,"-80.43758044,37.82141585",Spike237
238,Spike,2014-02-14T10:00:01,2014-02-14T10:03:59,665,37.816504,-80.429404,"-80.429404,37.816504",Spike238
239,Spike,2014-02-14T10:00:01,2014-02-14T10:04:00,666,37.80740132,-80.41195614,"-80.41195614,37.80740132",Spike239
240,Spike,2014-02-14T10:00:01,2014-02-14T10:04:01,667,37.80740132,-80.40012954,"-80.40012954,37.80740132",Spike240
241,Spike,2014-02-14T10:00:01,2014-02-14T10:04:02,668,37.80065263,-80.38764591,"-80.38764591,37.80065263",Spike241
242,Spike,2014-02-14T10:00:01,2014-02-14T10:04:03,669,37.79338413,-80.38501778,"-80.38501778,37.79338413",Spike242
243,Spike,2014-02-14T10:00:01,2014-02-14T10:04:04,670,37.78299931,-80.38370371,"-80.38370371,37.78299931",Spike243
244,Spike,2014-02-14T10:00:01,2014-02-14T10:04:05,671,37.77624839,-80.38173261,"-80.38173261,37.77624839",Spike244
245,Spike,2014-02-14T10:00:01,2014-02-14T10:04:06,672,37.780797,-80.39475,"-80.39475,37.780797",Spike245
